Workbook

Sheet FINAL v3
B3: Datos del sensor al aire | H3: Datos del sensor exhalación
B4: WET | C4: AET | D4: WEe | E4: AEe | F4: WE0 | G4: AE0 | H4: WEu | I4: kH | J4: Weu' | K4: AEu | L4: Temp | M4: K'T | N4: KT | O4: WEC (algoritmo 3) | P4: WEC (algoritmo 2) | Q4: Sensibilidad ISB | R4: PPB(algoritmo 3) | S4: PPB(algoritmo 2)
A5: prueba 1* | B5: 327.6 | C5: 318.6 | D5: 265.1425 | E5: 273.475 | F5: =+B5-D5 -> 62.4575 | G5: =+C5-E5 -> 45.125 | H5: 321.4 | I5: 1.0461038 | J5: =H5*I5 -> 336.21777 | K5: 324.5 | L5: 37 | M5: 1.1 | N5: 0.9 | O5: =(J5-D5)-(F5-G5)-(M5*(K5-E5)) -> -2.3847288 | P5: =(J5-D5)-(N5*(F5/G5)*(K5-E5)) -> 7.5139516 | Q5: 432 | R5: =+O5/Q5*1000 -> -5.5202056 | S5: =+P5/Q5*1000 -> 17.393407
B6: 327.6 | C6: 318.6 | D6: 265.1425 | E6: 273.475 | F6: =+B6-D6 -> 62.4575 | G6: =+C6-E6 -> 45.125 | H6: 326.6 | I6: 1.0461038 | J6: =H6*I6 -> 341.65751 | K6: 316.8 | L6: 37 | M6: 1.1 | N6: 0.9 | O6: =(J6-D6)-(F6-G6)-(M6*(K6-E6)) -> 11.525011 | P6: =(J6-D6)-(N6*(F6/G6)*(K6-E6)) -> 22.545503 | Q6: 432 | R6: =+O6/Q6*1000 -> 26.678266 | S6: =+P6/Q6*1000 -> 52.188664
B7: 370 | C7: 331.6 | D7: 265.1425 | E7: 273.475 | F7: =+B7-D7 -> 104.8575 | G7: =+C7-E7 -> 58.125 | H7: 322.6 | I7: 1.0461038 | J7: =H7*I7 -> 337.4731 | K7: 336 | L7: 37 | M7: 1.1 | N7: 0.9 | O7: =(J7-D7)-(F7-G7)-(M7*(K7-E7)) -> -43.179404 | P7: =(J7-D7)-(N7*(F7/G7)*(K7-E7)) -> -29.184994 | Q7: 432 | R7: =+O7/Q7*1000 -> -99.952325 | S7: =+P7/Q7*1000 -> -67.557857
A8: * mediciones de 45 seg
A11: WEu = uncorrected raw WE output
A12: AEu = uncorrected raw AE output
A13: WEc = corrected WE output
A14: WEe = WE electronic offset on the AFE or ISB
A15: AEe = AE electronic offset on the AFE or ISB
A16: WEo = WE sensor zero, i.e. the sensor WE output in zero air
A17: AEo = AE sensor zero, i.e. the sensor AE output in zero air
A18: WET = Total WE zero offset
A19: AET = Total AE zero offset
A21: Algoritmo 2
A25: Algoritmo 3

Sheet FINAL v2
B7: Datos del sensor al aire | H7: Datos del sensor exhalación
B8: WET | C8: AET | D8: WEe | E8: AEe | F8: WE0 | G8: AE0 | H8: WEu | I8: kH | J8: Weu' | K8: AEu | L8: T | M8: K'T | N8: KT | O8: WEC (algoritmo 3) | P8: WEC (algoritmo 2) | Q8: Sensibilidad ISB | R8: PPB(algoritmo 3) | S8: PPB(algoritmo 2)
A9: prueba 1* | B9: 314.8 | C9: 309.9 | D9: 265.1425 | E9: 273.475 | F9: =+B9-D9 -> 49.6575 | G9: =+C9-E9 -> 36.425 | H9: 308.5 | I9: 1.0461038 | J9: =H9*I9 -> 322.72303 | K9: 313.5 | L9: 37 | M9: 1.1 | N9: 0.9 | O9: =(J9-D9)-(F9-G9)-(M9*(K9-E9)) -> 0.32053175 | P9: =(J9-D9)-(N9*(F9/G9)*(K9-E9)) -> 8.4717522 | Q9: 432 | R9: =+O9/Q9*1000 -> 0.74197165 | S9: =+P9/Q9*1000 -> 19.610538
A10: prueba 2* | B10: 314.8 | C10: 309.9 | D10: 265.1425 | E10: 273.475 | F10: =+B10-D10 -> 49.6575 | G10: =+C10-E10 -> 36.425 | H10: 309.5 | I10: 1.0461038 | J10: =H10*I10 -> 323.76914 | K10: 311.5 | L10: 37 | M10: 1.1 | N10: 0.9 | O10: =(J10-D10)-(F10-G10)-(M10*(K10-E10)) -> 3.5666356 | P10: =(J10-D10)-(N10*(F10/G10)*(K10-E10)) -> 11.971761 | Q10: 432 | R10: =+O10/Q10*1000 -> 8.2561009 | S10: =+P10/Q10*1000 -> 27.712411
A11: * mediciones de 45 seg | H11: 120 | K11: 293
A14: WEu = uncorrected raw WE output
A15: AEu = uncorrected raw AE output
A16: WEc = corrected WE output
A17: WEe = WE electronic offset on the AFE or ISB
A18: AEe = AE electronic offset on the AFE or ISB
A19: WEo = WE sensor zero, i.e. the sensor WE output in zero air
A20: AEo = AE sensor zero, i.e. the sensor AE output in zero air
A21: WET = Total WE zero offset
A22: AET = Total AE zero offset
A24: Algoritmo 2
A28: Algoritmo 3

Sheet Algoritmos Factores
D1: T / °C
B2: Algorithm | C2: Factor | D2: -30 | E2: -20 | F2: -10 | G2: 0 | H2: 10 | I2: 20 | J2: 30 | K2: 40 | L2: 50
A3: NO-B4 | B3: 1 | C3: nT | D3: 2.9 | E3: 2.9 | F3: 2.2 | G3: 1.8 | H3: 1.7 | I3: 1.6 | J3: 1.5 | K3: 1.4 | L3: 1.3
B4: 2 | C4: kT | D4: 1.8 | E4: 1.8 | F4: 1.4 | G4: 1.1 | H4: 1.1 | I4: 1 | J4: 0.9 | K4: 0.9 | L4: 0.8
B5: 3 | C5: k'T | D5: 0.8 | E5: 0.8 | F5: 0.8 | G5: 0.8 | H5: 0.9 | I5: 1 | J5: 1.1 | K5: 1.2 | L5: 1.3
B6: 4 | C6: k''T | D6: -25 | E6: -25 | F6: -25 | G6: -25 | H6: -16 | I6: 0 | J6: 56 | K6: 200 | L6: 615

Sheet GENERAL
R5: 0,43 mv/ppb
C6: Correciòn por Temperatura
C7: WET | D7: AET | E7: WEe | F7: AEe | G7: WE0 | H7: AE0 | I7: WEu | J7: kH | K7: Weu' | L7: AEu | M7: T | N7: K'T | O7: KT | P7: WEC (algoritmo 3) | Q7: WEC (algoritmo 2) | R7: Sensibilidad ISB | S7: PPB(algoritmo 3) | T7: PPB(algoritmo 2) | V7: Correcciòn Humedad
A8: 1 | B8: Sin Flujo de Aire | C8: =+'WET sin flujo'!U23*1000 -> 325.975 | D8: =+'WET sin flujo'!U46*1000 -> 312.8725 | E8: =+'WEe sin flujo'!U23*1000 -> 265.1425 | F8: =+'WEe sin flujo'!U46*1000 -> 273.475 | G8: =+C8-E8 -> 60.8325 | H8: =+D8-F8 -> 39.3975 | L8: 322 | N8: 1.1 | O8: 0.9 | P8: =(K8-E8)-(G8-H8)-(N8*(L8-F8)) -> -339.955 | Q8: =(K8-E8)-(O8*(G8/H8)*(L8-F8)) -> -332.5759 | R8: 432 | S8: =+P8/R8*1000 -> -786.93287 | T8: =+Q8/R8*1000 -> -769.85162 | V8: WEu | W8: kH | X8: Weu'
B9: Con Flujo de Aire | C9: =0.34675*1000 -> 346.75 | D9: =0.313125*1000 -> 313.125 | E9: =+E8 -> 265.1425 | F9: =+F8 -> 273.475 | G9: =+C9-E9 -> 81.6075 | H9: =+D9-F9 -> 39.65 | L9: =+L8 -> 322 | N9: 1.1 | O9: 0.9 | P9: =(K9-E9)-(G9-H9)-(N9*(L9-F9)) -> -360.4775 | Q9: =(K9-E9)-(O9*(G9/H9)*(L9-F9)) -> -355.0291 | R9: =+R8 -> 432 | S9: =+P9/R9*1000 -> -834.43866 | T9: =+Q9/R9*1000 -> -821.82661 | V9: 261 | W9: =+WET_4!AA288 | X9: =+W9*V9 -> #VALUE!
A10: 2 | B10: Sin Flujo de Aire | C10: =WET_2!X76 -> 319.93618 | D10: =+WET_2!X36 -> 306.34145 | E10: =+E8 -> 265.1425 | F10: =+F8 -> 273.475 | G10: =+C10-E10 -> 54.793684 | H10: =+D10-F10 -> 32.866447 | L10: =+L8 -> 322 | N10: 1.1 | O10: 0.9 | P10: =(K10-E10)-(G10-H10)-(N10*(L10-F10)) -> -340.44724 | Q10: =(K10-E10)-(O10*(G10/H10)*(L10-F10)) -> -337.95162 | R10: 432 | S10: =+P10/R10*1000 -> -788.07231 | T10: =+Q10/R10*1000 -> -782.29542
B11: Con Flujo de Aire | C11: =WET_2!X157 -> 334.16875 | D11: =WET_2!X117 -> 305.89309 | E11: =+E8 -> 265.1425 | F11: =+F8 -> 273.475 | G11: =+C11-E11 -> 69.02625 | H11: =+D11-F11 -> 32.418092 | L11: =+L10 -> 322 | N11: 1.1 | O11: 0.9 | P11: =(K11-E11)-(G11-H11)-(N11*(L11-F11)) -> -355.12816 | Q11: =(K11-E11)-(O11*(G11/H11)*(L11-F11)) -> -358.13221 | R11: 432 | S11: =+P11/R11*1000 -> -822.05592 | T11: =+Q11/R11*1000 -> -829.00974 | V11: WEu = uncorrected raw WE output
A12: 3 | B12: Sin Flujo de Aire | C12: =+WET_3!X68 -> 306.08992 | D12: =+WET_3!X32 -> 298.07944 | E12: =+E10 -> 265.1425 | F12: =+F10 -> 273.475 | G12: =+C12-E12 -> 40.947419 | H12: =+D12-F12 -> 24.604435 | L12: =+L10 -> 322 | N12: 1.1 | O12: 0.9 | P12: =(K12-E12)-(G12-H12)-(N12*(L12-F12)) -> -334.86298 | Q12: =(K12-E12)-(O12*(G12/H12)*(L12-F12)) -> -337.82355 | R12: 432 | S12: =+P12/R12*1000 -> -775.1458 | T12: =+Q12/R12*1000 -> -781.99896 | V12: AEu = uncorrected raw AE output
B13: Con Flujo de Aire | C13: =+WET_3!X141 -> 316.44718 | D13: =+WET_3!X105 -> 297.2879 | E13: =+E10 -> 265.1425 | F13: =+F10 -> 273.475 | G13: =+C13-E13 -> 51.304677 | H13: =+D13-F13 -> 23.812903 | L13: =+L12 -> 322 | N13: 1.1 | O13: 0.9 | P13: =(K13-E13)-(G13-H13)-(N13*(L13-F13)) -> -346.01177 | Q13: =(K13-E13)-(O13*(G13/H13)*(L13-F13)) -> -359.23449 | R13: 432 | S13: =+P13/R13*1000 -> -800.95318 | T13: =+Q13/R13*1000 -> -831.56133 | V13: WEc = corrected WE output
A14: 4 | B14: Sin Flujo de Aire | C14: =+WET_4!Y116 -> 314.86727 | D14: =+WET_4!Y56 -> 303.4638 | E14: =+E12 -> 265.1425 | F14: =+F12 -> 273.475 | G14: =+C14-E14 -> 49.724773 | H14: =+D14-F14 -> 29.988796 | L14: =+L12 -> 322 | N14: 1 | O14: 1 | P14: =(K14-E14)-(G14-H14)-(N14*(L14-F14)) -> -333.40348 | Q14: =(K14-E14)-(O14*(G14/H14)*(L14-F14)) -> -345.60237 | R14: 432 | S14: =+P14/R14*1000 -> -771.76731 | T14: =+Q14/R14*1000 -> -800.00548 | V14: WEe = WE electronic offset on the AFE or ISB
B15: Con Flujo de Aire | C15: =+WET_4!Y237 -> 320.81484 | D15: =+WET_4!Y176 -> 302.90451 | E15: =+E12 -> 265.1425 | F15: =+F12 -> 273.475 | G15: =+C15-E15 -> 55.672344 | H15: =+D15-F15 -> 29.429514 | L15: =+L14 -> 322 | N15: 1 | O15: 1 | P15: =(K15-E15)-(G15-H15)-(N15*(L15-F15)) -> -339.91033 | Q15: =(K15-E15)-(O15*(G15/H15)*(L15-F15)) -> -356.93812 | R15: 432 | S15: =+P15/R15*1000 -> -786.82947 | T15: =+Q15/R15*1000 -> -826.24565 | V15: AEe = AE electronic offset on the AFE or ISB
B16: Sin Flujo de Aire | C16: =+WET_4!Y118 -> 0 | D16: =+WET_4!Y58 -> 0 | E16: =+E14 -> 265.1425 | F16: =+F14 -> 273.475 | G16: =+C16-E16 -> -265.1425 | H16: =+D16-F16 -> -273.475 | L16: =+L14 -> 322 | N16: 1 | O16: 1 | P16: =(K16-E16)-(G16-H16)-(N16*(L16-F16)) -> -322 | Q16: =(K16-E16)-(O16*(G16/H16)*(L16-F16)) -> -312.18899 | R16: 432 | S16: =+P16/R16*1000 -> -745.37037 | T16: =+Q16/R16*1000 -> -722.65971 | V16: WEo = WE sensor zero, i.e. the sensor WE output in zero air
B17: Con Flujo de Aire | C17: =+WET_4!Y239 -> 0 | D17: =+WET_4!Y178 -> 0 | E17: =+E14 -> 265.1425 | F17: =+F14 -> 273.475 | G17: =+C17-E17 -> -265.1425 | H17: =+D17-F17 -> -273.475 | L17: =+L16 -> 322 | N17: 1 | O17: 1 | P17: =(K17-E17)-(G17-H17)-(N17*(L17-F17)) -> -322 | Q17: =(K17-E17)-(O17*(G17/H17)*(L17-F17)) -> -312.18899 | R17: 432 | S17: =+P17/R17*1000 -> -745.37037 | T17: =+Q17/R17*1000 -> -722.65971 | V17: AEo = AE sensor zero, i.e. the sensor AE output in zero air
A18: 5 | B18: Sin Flujo de Aire | C18: 337.6 | D18: 320 | E18: =+E14 -> 265.1425 | F18: =+F14 -> 273.475 | G18: =+C18-E18 -> 72.4575 | H18: =+D18-F18 -> 46.525 | L18: =+L14 -> 322 | N18: 1 | O18: 1 | P18: =(K18-E18)-(G18-H18)-(N18*(L18-F18)) -> -339.6 | Q18: =(K18-E18)-(O18*(G18/H18)*(L18-F18)) -> -340.71478 | R18: 432 | S18: =+P18/R18*1000 -> -786.11111 | T18: =+Q18/R18*1000 -> -788.69161 | V18: WET = Total WE zero offset
B19: Con Flujo de Aire y H100% | C19: 271.6 | D19: 322 | E19: =+E14 -> 265.1425 | F19: =+F14 -> 273.475 | G19: =+C19-E19 -> 6.4575 | H19: =+D19-F19 -> 48.525 | L19: =+L18 -> 322 | N19: 1 | O19: 1 | P19: =(K19-E19)-(G19-H19)-(N19*(L19-F19)) -> -271.6 | Q19: =(K19-E19)-(O19*(G19/H19)*(L19-F19)) -> -271.6 | R19: 432 | S19: =+P19/R19*1000 -> -628.7037 | T19: =+Q19/R19*1000 -> -628.7037 | V19: AET = Total AE zero offset
A20: 5 | B20: Sin Flujo de Aire | C20: 337.6 | D20: 320 | E20: =+E16 -> 265.1425 | F20: =+F16 -> 273.475 | G20: =+C20-E20 -> 72.4575 | H20: =+D20-F20 -> 46.525 | L20: =+L16 -> 322 | N20: 1.1 | O20: 0.9 | P20: =(K20-E20)-(G20-H20)-(N20*(L20-F20)) -> -344.4525 | Q20: =(K20-E20)-(O20*(G20/H20)*(L20-F20)) -> -333.15755 | R20: 432 | S20: =+P20/R20*1000 -> -797.34375 | T20: =+Q20/R20*1000 -> -771.19803
B21: Con Flujo de Aire y H100% | C21: =+C19*W9 -> #VALUE! | D21: 322 | E21: =+E16 -> 265.1425 | F21: =+F16 -> 273.475 | G21: =+C21-E21 -> #VALUE! | H21: =+D21-F21 -> 48.525 | L21: =+L20 -> 322 | N21: 1.1 | O21: 0.9 | P21: =(K21-E21)-(G21-H21)-(N21*(L21-F21)) -> #VALUE! | Q21: =(K21-E21)-(O21*(G21/H21)*(L21-F21)) -> #VALUE! | R21: 432 | S21: =+P21/R21*1000 -> #VALUE! | T21: =+Q21/R21*1000 -> #VALUE! | V21: Algoritmo 2
A22: 6 | C22: =+WET_4!Y286 -> 315.20625 | D22: =+WET_4!Y287 -> 305.8625 | E22: =+E18 -> 265.1425 | F22: =+F18 -> 273.475 | G22: =+C22-E22 -> 50.06375 | H22: =+D22-F22 -> 32.3875 | I22: 274 | J22: =+W9 | K22: =I22*J22 -> #VALUE! | L22: 306.95 | M22: 37 | N22: 1.15 | O22: 0.9 | P22: =(K22-E22)-(G22-H22)-(N22*(L22-F22)) -> #VALUE! | Q22: =(K22-E22)-(O22*(G22/H22)*(L22-F22)) -> #VALUE! | R22: 432 | S22: =+P22/R22*1000 -> #VALUE! | T22: =+Q22/R22*1000 -> #VALUE!
C23: =+C22 -> 315.20625 | D23: 305.9 | E23: =+E18 -> 265.1425 | F23: =+F18 -> 273.475 | G23: =+C23-E23 -> 50.06375 | H23: =+D23-F23 -> 32.425 | I23: 261 | J23: 1.1479003 | K23: =I23*J23 -> 299.60198 | L23: 305.64 | M23: 37 | N23: 1.1 | O23: 0.9 | P23: =(K23-E23)-(G23-H23)-(N23*(L23-F23)) -> -18.56077 | Q23: =(K23-E23)-(O23*(G23/H23)*(L23-F23)) -> -10.236602 | R23: 432 | S23: =+P23/R23*1000 -> -42.964745 | T23: =+Q23/R23*1000 -> -23.695838
A24: 7 | C24: =+WET_4!Y291 -> 312.575 | D24: =+WET_4!Y292 -> 303.525 | E24: =+E20 -> 265.1425 | F24: =+F20 -> 273.475 | G24: =+C24-E24 -> 47.4325 | H24: =+D24-F24 -> 30.05 | I24: 274 | J24: 1.1977201 | K24: =I24*J24 -> 328.1753 | L24: 306.95 | M24: 37 | N24: 1.1 | O24: 0.9 | P24: =(K24-E24)-(G24-H24)-(N24*(L24-F24)) -> 8.8278041 | Q24: =(K24-E24)-(O24*(G24/H24)*(L24-F24)) -> 15.477974 | R24: 432 | S24: =+P24/R24*1000 -> 20.434732 | T24: =+Q24/R24*1000 -> 35.828644
C25: =+C24 -> 312.575 | D25: =+D24 -> 303.525 | E25: =+E20 -> 265.1425 | F25: =+F20 -> 273.475 | G25: =+C25-E25 -> 47.4325 | H25: =+D25-F25 -> 30.05 | I25: 261 | J25: 1.1977201 | K25: =I25*J25 -> 312.60494 | L25: 305.64 | M25: 37 | N25: 1.1 | O25: 0.9 | P25: =(K25-E25)-(G25-H25)-(N25*(L25-F25)) -> -5.301557 | Q25: =(K25-E25)-(O25*(G25/H25)*(L25-F25)) -> 1.7686085 | R25: 432 | S25: =+P25/R25*1000 -> -12.272123 | T25: =+Q25/R25*1000 -> 4.0940012 | V25: Algoritmo 3
A26: 8 | C26: =+WET_4!Y251 -> 337.56875 | D26: =+WET_4!Y252 -> 320.03125 | E26: =+E22 -> 265.1425 | F26: =+F22 -> 273.475 | G26: =+C26-E26 -> 72.42625 | H26: =+D26-F26 -> 46.55625 | I26: 274 | J26: =+WET_4!AA253 -> 1.2428608 | K26: =I26*J26 -> 340.54385 | L26: 306.95 | M26: 37 | N26: 1.1 | O26: 0.9 | P26: =(K26-E26)-(G26-H26)-(N26*(L26-F26)) -> 12.708848 | Q26: =(K26-E26)-(O26*(G26/H26)*(L26-F26)) -> 28.532843 | R26: 432 | S26: =+P26/R26*1000 -> 29.418629 | T26: =+Q26/R26*1000 -> 66.048247
C27: =+C26 -> 337.56875 | D27: =+D26 -> 320.03125 | E27: =+E22 -> 265.1425 | F27: =+F22 -> 273.475 | G27: =+C27-E27 -> 72.42625 | H27: =+D27-F27 -> 46.55625 | I27: 261 | J27: =+J26 -> 1.2428608 | K27: =I27*J27 -> 324.38666 | L27: 305.64 | M27: 37 | N27: 1.1 | O27: 0.9 | P27: =(K27-E27)-(G27-H27)-(N27*(L27-F27)) -> -2.0073419 | Q27: =(K27-E27)-(O27*(G27/H27)*(L27-F27)) -> 14.20979 | R27: 432 | S27: =+P27/R27*1000 -> -4.6466248 | T27: =+Q27/R27*1000 -> 32.893032
A29: 9 | B29: prueba 1 | C29: =+WET_ensayo!Z11 -> 324.29219 | D29: =+WET_ensayo!Z12 -> 312.09844 | E29: =+E25 -> 265.1425 | F29: =+F25 -> 273.475 | G29: =+C29-E29 -> 59.149688 | H29: =+D29-F29 -> 38.623437 | I29: 272 | J29: =+WET_ensayo!Z47 -> 1.2265791 | K29: =I29*J29 -> 333.62952 | L29: 316.1 | M29: 37 | N29: 1.1 | O29: 0.9 | P29: =(K29-E29)-(G29-H29)-(N29*(L29-F29)) -> 1.0732711 | Q29: =(K29-E29)-(O29*(G29/H29)*(L29-F29)) -> 9.7369451 | R29: 432 | S29: =+P29/R29*1000 -> 2.4844238 | T29: =+Q29/R29*1000 -> 22.539225
B30: prueba 2 | C30: =+C29 -> 324.29219 | D30: =+D29 -> 312.09844 | E30: =+E25 -> 265.1425 | F30: =+F25 -> 273.475 | G30: =+C30-E30 -> 59.149688 | H30: =+D30-F30 -> 38.623437 | I30: 265 | J30: =+J29 -> 1.2265791 | K30: =I30*J30 -> 325.04347 | L30: 315.7 | M30: 37 | N30: 1.1 | O30: 0.9 | P30: =(K30-E30)-(G30-H30)-(N30*(L30-F30)) -> -7.0727828 | Q30: =(K30-E30)-(O30*(G30/H30)*(L30-F30)) -> 1.7022116 | R30: 432 | S30: =+P30/R30*1000 -> -16.372182 | T30: =+Q30/R30*1000 -> 3.9403047
B31: mediodnes de 45 seg
A32: 10 | B32: prueba 1 | C32: 314.8 | D32: 309.9 | E32: 265.1425 | F32: 273.475 | G32: =+C32-E32 -> 49.6575 | H32: =+D32-F32 -> 36.425 | I32: 308.5 | J32: 1.0461038 | K32: =I32*J32 -> 322.72303 | L32: 313.5 | M32: 37 | N32: 1.1 | O32: 0.9 | P32: =(K32-E32)-(G32-H32)-(N32*(L32-F32)) -> 0.32053175 | Q32: =(K32-E32)-(O32*(G32/H32)*(L32-F32)) -> 8.4717522 | R32: 432 | S32: =+P32/R32*1000 -> 0.74197165 | T32: =+Q32/R32*1000 -> 19.610538
B33: prueba 2 | C33: 314.8 | D33: 309.9 | E33: 265.1425 | F33: 273.475 | G33: =+C33-E33 -> 49.6575 | H33: =+D33-F33 -> 36.425 | I33: 309.5 | J33: 1.0461038 | K33: =I33*J33 -> 323.76914 | L33: 311.5 | M33: 37 | N33: 1.1 | O33: 0.9 | P33: =(K33-E33)-(G33-H33)-(N33*(L33-F33)) -> 3.5666356 | Q33: =(K33-E33)-(O33*(G33/H33)*(L33-F33)) -> 11.971761 | R33: 432 | S33: =+P33/R33*1000 -> 8.2561009 | T33: =+Q33/R33*1000 -> 27.712411
AB253: =+Z251/Z253 -> #DIV/0!
AB260: =+Z258/Z260 -> #DIV/0!
AB278: =+Z276/Z278 -> #DIV/0!
AB288: =+Z286/Z288 -> #DIV/0!
AB293: =+Z291/Z293 -> #DIV/0!

Sheet WET_ensayo
A2: ENSAYO - temp 25°C - humedad ambiente 64%
A3: 120 | B3: 0 | C3: WE | D3: 324.75 | E3: 325 | F3: 324.375 | G3: 324.875 | H3: 324.375 | I3: 327 | J3: 326.25 | K3: 326.125 | L3: 323.5 | M3: 324.625 | N3: 322.5 | O3: 323.25 | P3: 325.25 | Q3: 323.25 | R3: 324.5 | S3: 324.875 | T3: 323.375 | U3: 324.875 | V3: 327.875 | W3: 326.625 | X3: =AVERAGE(D3:W3) -> 324.8625
A4: 120 | B4: 0 | C4: AE | D4: 315.125 | E4: 312.125 | F4: 311.375 | G4: 312.625 | H4: 312.75 | I4: 312.875 | J4: 313 | K4: 312.5 | L4: 314.25 | M4: 313 | N4: 311.625 | O4: 310.875 | P4: 312.375 | Q4: 311.375 | R4: 310.875 | S4: 311.875 | T4: 314.625 | U4: 311.25 | V4: 313.125 | W4: 313.75 | X4: =AVERAGE(D4:W4) -> 312.56875
A5: 120 | B5: 1 | C5: WE | D5: 354.625 | E5: 354.625 | F5: 354.875 | G5: 356.25 | H5: 355.375 | I5: 354.875 | J5: 355.5 | K5: 354.625 | L5: 353.75 | M5: 351.75 | N5: 354.875 | O5: 353.75 | P5: 352.25 | Q5: 352.375 | R5: 350.375 | S5: 350.875 | T5: 351.625 | U5: 353.375 | V5: 350 | W5: 352 | X5: =AVERAGE(D5:W5) -> 353.3875
A6: 120 | B6: 1 | C6: AE | D6: 308.375 | E6: 310 | F6: 310 | G6: 309.625 | H6: 310.75 | I6: 309.875 | J6: 312.75 | K6: 312 | L6: 311.375 | M6: 309.75 | N6: 311.75 | O6: 311 | P6: 310.5 | Q6: 310.75 | R6: 310.625 | S6: 310 | T6: 311.5 | U6: 311.25 | V6: 310.25 | W6: 312 | X6: =AVERAGE(D6:W6) -> 310.70625
A8: 130 | B8: 0 | C8: WE | D8: 324.25 | E8: 322.75 | F8: 325.125 | G8: 323.125 | H8: 324.125 | I8: 323.25 | J8: 323 | K8: 323 | L8: 322.375 | M8: 323.25 | N8: 322.625 | O8: 323.25 | P8: 321.125 | Q8: 323.5 | R8: 323.125 | S8: 324.5 | T8: 327.875 | U8: 324.625 | V8: 323.875 | W8: 325.125 | X8: =AVERAGE(D8:W8) -> 323.69375
A9: 130 | B9: 0 | C9: AE | D9: 311.875 | E9: 312 | F9: 311.875 | G9: 311.75 | H9: 312.625 | I9: 311.625 | J9: 311.375 | K9: 313 | L9: 310.875 | M9: 309.125 | N9: 310.75 | O9: 310.75 | P9: 311.125 | Q9: 310.125 | R9: 312.375 | S9: 312.375 | T9: 315.5 | U9: 314 | V9: 313 | W9: 312 | X9: =AVERAGE(D9:W9) -> 311.90625
A10: 130 | B10: 1 | C10: WE | D10: 356.75 | E10: 354.75 | F10: 354 | G10: 354.25 | H10: 354 | I10: 353.5 | J10: 351.125 | K10: 350.875 | L10: 352.75 | M10: 352.875 | N10: 351.625 | O10: 353.125 | P10: 351.875 | Q10: 352.875 | R10: 351.875 | S10: 352.625 | T10: 350.125 | U10: 349.75 | V10: 348.125 | W10: 350.875 | X10: =AVERAGE(D10:W10) -> 352.3875
A11: 130 | B11: 1 | C11: AE | D11: 309.875 | E11: 309.375 | F11: 307.75 | G11: 308.75 | H11: 310 | I11: 310.5 | J11: 307.75 | K11: 310.375 | L11: 311.375 | M11: 309.625 | N11: 309 | O11: 309.75 | P11: 311 | Q11: 310.375 | R11: 309.25 | S11: 311.375 | T11: 309.25 | U11: 309.75 | V11: 308.375 | W11: 309.75 | X11: =AVERAGE(D11:W11) -> 309.6625 | Z11: =AVERAGE(X3,X8,X13,X18) -> 324.29219
Z12: =AVERAGE(X4,X9,X14,X19) -> 312.09844
A13: 140 | B13: 0 | C13: WE | D13: 325.875 | E13: 325 | F13: 324.75 | G13: 321.75 | H13: 322.5 | I13: 323.25 | J13: 322.25 | K13: 322.625 | L13: 322.125 | M13: 324 | N13: 324.5 | O13: 324.125 | P13: 325.125 | Q13: 326.75 | R13: 325.875 | S13: 325.875 | T13: 325.375 | U13: 325 | V13: 324 | W13: 323.125 | X13: =AVERAGE(D13:W13) -> 324.19375 | Z13: =AVERAGE(X5,X10,X15,X20) -> 353.69687
A14: 140 | B14: 0 | C14: AE | D14: 313.375 | E14: 312.75 | F14: 311.75 | G14: 311.125 | H14: 311 | I14: 310.5 | J14: 312.125 | K14: 310.75 | L14: 309.125 | M14: 310 | N14: 311.625 | O14: 312.875 | P14: 314 | Q14: 313.125 | R14: 313.875 | S14: 310.75 | T14: 312.25 | U14: 312.25 | V14: 310.875 | W14: 313.375 | X14: =AVERAGE(D14:W14) -> 311.875 | Z14: =AVERAGE(X6,X11,X16,X21) -> 310.39688
A15: 140 | B15: 1 | C15: WE | D15: 358.75 | E15: 358.25 | F15: 354.75 | G15: 356.125 | H15: 353.75 | I15: 356.125 | J15: 353.25 | K15: 354.625 | L15: 352.5 | M15: 351.75 | N15: 355.375 | O15: 353.125 | P15: 352 | Q15: 352.5 | R15: 352 | S15: 353.375 | T15: 352.375 | U15: 352.25 | V15: 352.375 | W15: 351.875 | X15: =AVERAGE(D15:W15) -> 353.85625
A16: 140 | B16: 1 | C16: AE | D16: 309.75 | E16: 308.625 | F16: 311.375 | G16: 310.25 | H16: 309.125 | I16: 310 | J16: 309.5 | K16: 310.875 | L16: 311.25 | M16: 310 | N16: 312.25 | O16: 311.375 | P16: 310.125 | Q16: 311.125 | R16: 310.5 | S16: 310.375 | T16: 309.5 | U16: 310.625 | V16: 310.625 | W16: 311.75 | X16: =AVERAGE(D16:W16) -> 310.45
A18: 150 | B18: 0 | C18: WE | D18: 326.25 | E18: 325.75 | F18: 325 | G18: 322.875 | H18: 324.5 | I18: 323.5 | J18: 323.5 | K18: 324.75 | L18: 324 | M18: 322.375 | N18: 322.625 | O18: 323.875 | P18: 324.375 | Q18: 323.5 | R18: 323.125 | S18: 325.5 | T18: 325.25 | U18: 326.625 | V18: 325.75 | W18: 325.25 | X18: =AVERAGE(D18:W18) -> 324.41875
A19: 150 | B19: 0 | C19: AE | D19: 315.125 | E19: 309.875 | F19: 312.375 | G19: 311.25 | H19: 311.5 | I19: 312 | J19: 312 | K19: 311 | L19: 311.875 | M19: 312.25 | N19: 311.75 | O19: 312.25 | P19: 310.125 | Q19: 311.125 | R19: 310.875 | S19: 313.25 | T19: 313.875 | U19: 314.25 | V19: 312.25 | W19: 311.875 | X19: =AVERAGE(D19:W19) -> 312.04375
A20: 150 | B20: 1 | C20: WE | D20: 358.125 | E20: 355.5 | F20: 359 | G20: 357.375 | H20: 357.125 | I20: 356.5 | J20: 356.375 | K20: 352.25 | L20: 352.75 | M20: 352.625 | N20: 352.5 | O20: 355.25 | P20: 354 | Q20: 352.75 | R20: 354.375 | S20: 354.25 | T20: 357.75 | U20: 353.125 | V20: 357 | W20: 354.5 | X20: =AVERAGE(D20:W20) -> 355.15625
A21: 150 | B21: 1 | C21: AE | D21: 309 | E21: 310.375 | F21: 310.5 | G21: 312.5 | H21: 312.125 | I21: 310.875 | J21: 311.125 | K21: 309.375 | L21: 310.625 | M21: 310.25 | N21: 311.5 | O21: 311.375 | P21: 311.75 | Q21: 309.25 | R21: 310.625 | S21: 309.625 | T21: 312.5 | U21: 309.375 | V21: 312.375 | W21: 310.25 | X21: =AVERAGE(D21:W21) -> 310.76875
A25: ENSAYO - temp 25°C - humedad absotuta estimada 100% (nebulizador)
A26: 160 | B26: 0 | C26: WE | D26: 323.625 | E26: 323.375 | F26: 320.625 | G26: 324.375 | H26: 323.25 | I26: 326.375 | J26: 325.125 | K26: 321.625 | L26: 322.75 | M26: 325 | N26: 322.5 | O26: 323.5 | P26: 322.125 | Q26: 322.75 | R26: 321.75 | S26: 324.625 | T26: 324.5 | U26: 325.125 | V26: 322.875 | W26: 322.875 | X26: =AVERAGE(D26:W26) -> 323.4375
A27: 160 | B27: 0 | C27: AE | D27: 311.125 | E27: 310.25 | F27: 310.875 | G27: 312.125 | H27: 313.875 | I27: 312.625 | J27: 312.875 | K27: 310.625 | L27: 308 | M27: 311.625 | N27: 310.625 | O27: 312.125 | P27: 311.375 | Q27: 309.625 | R27: 311.875 | S27: 314 | T27: 312.5 | U27: 312.625 | V27: 311.625 | W27: 310.125 | X27: =AVERAGE(D27:W27) -> 311.525
A28: 160 | B28: 1 | C28: WE | D28: 146.75 | E28: 149 | F28: 154.875 | G28: 159.625 | H28: 164 | I28: 165.625 | J28: 169 | K28: 172.875 | L28: 172.75 | M28: 173.875 | N28: 179.375 | O28: 184.875 | P28: 184.125 | Q28: 186 | R28: 189.5 | S28: 191.75 | T28: 197 | U28: 200.625 | V28: 200.25 | W28: 202.5 | X28: =AVERAGE(D28:W28) -> 177.21875
A29: 160 | B29: 1 | C29: AE | D29: 312 | E29: 311.5 | F29: 312.875 | G29: 312.625 | H29: 313.625 | I29: 313.75 | J29: 314.25 | K29: 314.25 | L29: 312.75 | M29: 312 | N29: 312.875 | O29: 313.625 | P29: 311.125 | Q29: 312.875 | R29: 311.875 | S29: 314.375 | T29: 313.375 | U29: 315.625 | V29: 314.625 | W29: 314.5 | X29: =AVERAGE(D29:W29) -> 313.225
A30: mucha condensación
A31: 15 min de ventilación por condensación de humedad
A33: 180 | B33: 0 | C33: WE | D33: 328.375 | E33: 328.375 | F33: 325.125 | G33: 325.75 | H33: 326.75 | I33: 326.5 | J33: 327.125 | K33: 324.375 | L33: 325 | M33: 327 | N33: 328.625 | O33: 328.25 | P33: 327.625 | Q33: 328.5 | R33: 327.625 | S33: 328.75 | T33: 330.375 | U33: 330.375 | V33: 330 | W33: 331 | X33: =AVERAGE(D33:W33) -> 327.775
A34: 180 | B34: 0 | C34: AE | D34: 313.5 | E34: 314 | F34: 310.75 | G34: 310.875 | H34: 310.625 | I34: 313 | J34: 314.125 | K34: 311.25 | L34: 312.625 | M34: 313.25 | N34: 313.75 | O34: 313.75 | P34: 314.25 | Q34: 315 | R34: 313.75 | S34: 313.25 | T34: 316.25 | U34: 316.5 | V34: 314.625 | W34: 315 | X34: =AVERAGE(D34:W34) -> 313.50625
A35: 180 | B35: 1 | C35: WE | D35: 359.25 | E35: 361.25 | F35: 359.875 | G35: 360 | H35: 359.875 | I35: 360 | J35: 358.5 | K35: 359.625 | L35: 359.625 | M35: 357.625 | N35: 356.75 | O35: 356.125 | P35: 355.5 | Q35: 357.25 | R35: 354.5 | S35: 354.875 | T35: 354.75 | U35: 353.75 | V35: 354.125 | W35: 354.875 | X35: =AVERAGE(D35:W35) -> 357.40625
A36: 180 | B36: 1 | C36: AE | D36: 311.75 | E36: 311.625 | F36: 312.875 | G36: 312 | H36: 312 | I36: 312.75 | J36: 311.5 | K36: 313.25 | L36: 313.25 | M36: 312 | N36: 312 | O36: 311.25 | P36: 311.75 | Q36: 311 | R36: 310.5 | S36: 311.375 | T36: 310.75 | U36: 310.875 | V36: 311.125 | W36: 311.25 | X36: =AVERAGE(D36:W36) -> 311.74375
A38: 190 | B38: 0 | C38: WE | D38: 329 | E38: 326.25 | F38: 325.375 | G38: 326.75 | H38: 328.5 | I38: 325.625 | J38: 325.875 | K38: 324 | L38: 324.125 | M38: 326.375 | N38: 326.375 | O38: 329.5 | P38: 326.625 | Q38: 326.375 | R38: 326.75 | S38: 327.75 | T38: 327.125 | U38: 326.375 | V38: 326.875 | W38: 325.75 | X38: =AVERAGE(D38:W38) -> 326.56875
A39: 190 | B39: 0 | C39: AE | D39: 314.875 | E39: 314.625 | F39: 312.75 | G39: 311.125 | H39: 314.75 | I39: 313.375 | J39: 311.625 | K39: 311.625 | L39: 310.5 | M39: 313.25 | N39: 312.25 | O39: 315.125 | P39: 314 | Q39: 312 | R39: 313.75 | S39: 312.875 | T39: 315.375 | U39: 312.875 | V39: 313.625 | W39: 312.875 | X39: =AVERAGE(D39:W39) -> 313.1625
A40: 190 | B40: 1 | C40: WE | D40: 177.125 | E40: 183 | F40: 188 | G40: 190.5 | H40: 197.125 | I40: 199.125 | J40: 196.625 | K40: 198.25 | L40: 201.875 | M40: 202 | N40: 210.875 | O40: 211 | P40: 212.125 | Q40: 215 | R40: 220.5 | S40: 223 | T40: 224 | U40: 224.375 | V40: 226.625 | W40: 227.125 | X40: =AVERAGE(D40:W40) -> 206.4125
A41: 190 | B41: 1 | C41: AE | D41: 316.125 | E41: 316.25 | F41: 318.625 | G41: 318.875 | H41: 319 | I41: 317.5 | J41: 315.25 | K41: 314.625 | L41: 316 | M41: 313.375 | N41: 317 | O41: 315.375 | P41: 314 | Q41: 314.875 | R41: 317.5 | S41: 316.625 | T41: 316.5 | U41: 316.75 | V41: 314.75 | W41: 315.125 | X41: =AVERAGE(D41:W41) -> 316.20625
A43: 2 min ventilación entre mediciones
A45: 200 | B45: 0 | C45: WE | D45: 332.875 | E45: 332.25 | F45: 348.25 | G45: 330.125 | H45: 325.625 | I45: 326.75 | J45: 328.25 | K45: 327.375 | L45: 329.875 | M45: 331.75 | N45: 329 | O45: 329 | P45: 329.5 | Q45: 330.875 | R45: 331.625 | S45: 330.125 | T45: 328.25 | U45: 332.25 | V45: 330.75 | W45: 331.625 | X45: =AVERAGE(D45:W45) -> 330.80625
A46: 200 | B46: 0 | C46: AE | D46: 314.375 | E46: 316.125 | F46: 335.875 | G46: 310.875 | H46: 308.5 | I46: 310.125 | J46: 308.25 | K46: 311 | L46: 314 | M46: 314.75 | N46: 311.5 | O46: 311.5 | P46: 312 | Q46: 313 | R46: 313 | S46: 315.625 | T46: 311 | U46: 312.375 | V46: 312.75 | W46: 314.125 | X46: =AVERAGE(D46:W46) -> 313.5375
A47: 200 | B47: 1 | C47: WE | D47: 248.25 | E47: 252.125 | F47: 251.5 | G47: 261.75 | H47: 261.625 | I47: 263.25 | J47: 260.75 | K47: 260.625 | L47: 262.125 | M47: 266.625 | N47: 265.125 | O47: 272.25 | P47: 268.5 | Q47: 265.75 | R47: 266.625 | S47: 269.25 | T47: 268.75 | U47: 276.625 | V47: 273.875 | W47: 272.375 | X47: =AVERAGE(D47:W47) -> 264.3875 | Z47: =+Z11/X47 -> 1.2265791 | AA47: =+Z11/310 -> 1.0461038
A48: 200 | B48: 1 | C48: AE | D48: 312.5 | E48: 314 | F48: 311.5 | G48: 318.875 | H48: 318.875 | I48: 316.875 | J48: 313.375 | K48: 314.75 | L48: 313.125 | M48: 315.375 | N48: 317.75 | O48: 319.875 | P48: 316.875 | Q48: 314.25 | R48: 314.25 | S48: 314.75 | T48: 314.75 | U48: 321.125 | V48: 318.125 | W48: 315.375 | X48: =AVERAGE(F48:W48) -> 316.10417
A50: 15 min de ventilación por condensación de humedad
A52: ENSAYO - temp 25°C - humedad absotuta estimada 100% (exhalación)
A53: 220 | B53: 0 | C53: WE | D53: 326.375 | E53: 327.5 | F53: 325 | G53: 326.5 | H53: 327.375 | I53: 328.625 | J53: 327.25 | K53: 328 | L53: 326.125 | M53: 327.75 | N53: 325 | O53: 327 | P53: 326.75 | Q53: 326.375 | R53: 325.75 | S53: 327.25 | T53: 328.375 | U53: 330.625 | V53: 328.375 | W53: 331.125 | X53: =AVERAGE(D53:W53) -> 327.35625
A54: 220 | B54: 0 | C54: AE | D54: 312.875 | E54: 313.625 | F54: 312.875 | G54: 313.25 | H54: 312.25 | I54: 314.25 | J54: 313.625 | K54: 310.5 | L54: 311.5 | M54: 310.875 | N54: 311.625 | O54: 312.125 | P54: 313.5 | Q54: 314 | R54: 311.25 | S54: 313.5 | T54: 314.75 | U54: 314.125 | V54: 313.625 | W54: 314.875 | X54: =AVERAGE(D54:W54) -> 312.95
A55: 220 | B55: 1 | C55: WE | D55: 233.75 | E55: 237.125 | F55: 242.125 | G55: 239.625 | H55: 241.375 | I55: 245 | J55: 245.875 | K55: 247 | L55: 247.75 | M55: 249 | N55: 252.375 | O55: 252.875 | P55: 253.75 | Q55: 257.375 | R55: 255 | S55: 258.25 | T55: 258.625 | U55: 260.75 | V55: 263.5 | W55: 265.75 | X55: =AVERAGE(D55:W55) -> 250.34375
A56: 220 | B56: 1 | C56: AE | D56: 316.375 | E56: 316.75 | F56: 318.5 | G56: 316.625 | H56: 316 | I56: 315.375 | J56: 317 | K56: 316.25 | L56: 315.875 | M56: 314.125 | N56: 316.125 | O56: 315.625 | P56: 314.75 | Q56: 316.375 | R56: 315.875 | S56: 315.125 | T56: 315.125 | U56: 314 | V56: 314.75 | W56: 315.875 | X56: =AVERAGE(F56:W56) -> 315.74306
A59: 230 | B59: 0 | C59: WE | D59: 326.5 | E59: 326.375 | F59: 325.25 | G59: 325.75 | H59: 324.625 | I59: 325.25 | J59: 326 | K59: 327.5 | L59: 326.125 | M59: 326.125 | N59: 325.25 | O59: 324.875 | P59: 326.375 | Q59: 326.25 | R59: 326.75 | S59: 329.375 | T59: 323.75 | U59: 324.75 | V59: 326.875 | W59: 325.125 | X59: =AVERAGE(D59:W59) -> 325.94375
A60: 230 | B60: 0 | C60: AE | D60: 310.75 | E60: 311.625 | F60: 310.625 | G60: 310 | H60: 311.5 | I60: 312.375 | J60: 312.625 | K60: 310.5 | L60: 311.5 | M60: 311.625 | N60: 312 | O60: 311.5 | P60: 310.375 | Q60: 310.25 | R60: 313.875 | S60: 315.25 | T60: 309.625 | U60: 311.875 | V60: 312.375 | W60: 310.125 | X60: =AVERAGE(D60:W60) -> 311.51875
A61: 230 | B61: 1 | C61: WE | D61: 239.75 | E61: 240.25 | F61: 242.125 | G61: 243.25 | H61: 247.875 | I61: 247.875 | J61: 249.75 | K61: 252.625 | L61: 252.625 | M61: 252.75 | N61: 254.75 | O61: 256.625 | P61: 256.875 | Q61: 259.625 | R61: 258 | S61: 261.125 | T61: 261.125 | U61: 261.75 | V61: 264.25 | W61: 263.875 | X61: =AVERAGE(D61:W61) -> 253.34375
A62: 230 | B62: 1 | C62: AE | D62: 313.125 | E62: 316.625 | F62: 313.375 | G62: 313.375 | H62: 315.125 | I62: 317.5 | J62: 315.5 | K62: 314.375 | L62: 313.25 | M62: 313.75 | N62: 314.5 | O62: 316.5 | P62: 314.125 | Q62: 314.5 | R62: 313.625 | S62: 314.5 | T62: 312.75 | U62: 313.625 | V62: 315.625 | W62: 313.5 | X62: =AVERAGE(D62:W62) -> 314.4625
A65: 240 | B65: 0 | C65: WE | D65: 326.375 | E65: 327 | F65: 326.5 | G65: 322.375 | H65: 324.125 | I65: 321.5 | J65: 324.75 | K65: 323.5 | L65: 324.625 | M65: 324.75 | N65: 324.25 | O65: 323.75 | P65: 325.5 | Q65: 325.5 | R65: 325.875 | S65: 324.75 | T65: 326 | U65: 325.125 | V65: 326.75 | W65: 327.625 | X65: =AVERAGE(D65:W65) -> 325.03125
A66: 240 | B66: 0 | C66: AE | D66: 312.625 | E66: 311.625 | F66: 312.625 | G66: 310.25 | H66: 312.375 | I66: 311.875 | J66: 314 | K66: 311.875 | L66: 312 | M66: 312.5 | N66: 311.375 | O66: 311.625 | P66: 313.625 | Q66: 312 | R66: 314.125 | S66: 312.625 | T66: 312.875 | U66: 312 | V66: 313.125 | W66: 314 | X66: =AVERAGE(D66:W66) -> 312.45625
A67: 240 | B67: 1 | C67: WE | D67: 231.625 | E67: 235.125 | F67: 234.375 | G67: 235.625 | H67: 240 | I67: 241.625 | J67: 243.375 | K67: 244.375 | L67: 244.75 | M67: 249.375 | N67: 249.375 | O67: 253.125 | P67: 253.25 | Q67: 253.875 | R67: 254.875 | S67: 257.625 | T67: 258.5 | U67: 260.5 | V67: 261.5 | W67: 264.75 | X67: =AVERAGE(D67:W67) -> 248.38125
A68: 240 | B68: 1 | C68: AE | D68: 313.875 | E68: 315.625 | F68: 315.125 | G68: 314.75 | H68: 314.375 | I68: 315.5 | J68: 314.5 | K68: 314.375 | L68: 315.625 | M68: 313.75 | N68: 314.75 | O68: 315.375 | P68: 315.375 | Q68: 315.375 | R68: 314.25 | S68: 313.25 | T68: 316 | U68: 317 | V68: 315.25 | W68: 315.375 | X68: =AVERAGE(D68:W68) -> 314.975
A71: 250 | B71: 0 | C71: WE | D71: 329.125 | E71: 328.875 | F71: 327.375 | G71: 327.625 | H71: 326.875 | I71: 328.375 | J71: 327.875 | K71: 327.625 | L71: 329 | M71: 329.125 | N71: 327.75 | O71: 326.375 | P71: 325 | Q71: 327 | R71: 329.75 | S71: 328.875 | T71: 326.375 | U71: 325.875 | V71: 328 | W71: 327.75 | X71: =AVERAGE(D71:W71) -> 327.73125
A72: 250 | B72: 0 | C72: AE | D72: 311.25 | E72: 313.625 | F72: 313.25 | G72: 312.25 | H72: 313.875 | I72: 310.75 | J72: 311.625 | K72: 312.5 | L72: 311.625 | M72: 311.5 | N72: 312.125 | O72: 311.375 | P72: 310.75 | Q72: 311.5 | R72: 313 | S72: 312.5 | T72: 312.375 | U72: 310.25 | V72: 311.5 | W72: 312 | X72: =AVERAGE(D72:W72) -> 311.98125
A73: 250 | B73: 1 | C73: WE | D73: 229 | E73: 231.25 | F73: 232.25 | G73: 234.25 | H73: 235.875 | I73: 238 | J73: 239.75 | K73: 240.125 | L73: 244.625 | M73: 246.125 | N73: 247.5 | O73: 248.5 | P73: 250.75 | Q73: 252.75 | R73: 257 | S73: 255.375 | T73: 259.25 | U73: 260.25 | V73: 258 | W73: 261.625 | X73: =AVERAGE(D73:W73) -> 246.1125
A74: 250 | B74: 1 | C74: AE | D74: 314.125 | E74: 314.875 | F74: 315.5 | G74: 315.625 | H74: 315.75 | I74: 314 | J74: 315 | K74: 311.5 | L74: 314.875 | M74: 315 | N74: 312.875 | O74: 313.875 | P74: 316.375 | Q74: 314.5 | R74: 315.625 | S74: 315.625 | T74: 315.125 | U74: 316.875 | V74: 315 | W74: 315 | X74: =AVERAGE(D74:W74) -> 314.85625
... A80: 260 | B80: 1 | C80: AE | D80: 310 | E80: 310.25 | F80: 308.75 | G80: 309.125 | H80: 307.625 | I80: 308.125 | J80: 310 | K80: 310.125 | L80: 310.375 | M80: 312.125 | N80: 310.25 | O80: 311.75 | P80: 309.75 | Q80: 310.625 | R80: 310.5 | S80: 309.75 | T80: 311.875 | U80: 310.625 | V80: 310.625 | W80: 314.125 | X80: =AVERAGE(D80:W80) -> 310.31875

Sheet WET_4
A1: 700 | B1: 0 | C1: AE | D1: 303.875 | E1: 305.5 | F1: 305 | G1: 304.375 | H1: 304.625 | I1: 306.875 | J1: 306.5 | L1: 304.625 | M1: 306.875 | N1: 305.5 | O1: 305.25 | P1: 307.25 | Q1: 305.75 | R1: 305 | S1: 303.375 | T1: 304.125 | U1: 305.25 | V1: 303.625 | W1: 306.875 | X1: 306.625 | Y1: =AVERAGE(D1:X1) -> 305.34375
A2: 720 | B2: 0 | C2: AE | D2: 303.125 | E2: 305.25 | F2: 302.125 | G2: 304.875 | H2: 307.5 | I2: 306.5 | J2: 305.75 | L2: 305.375 | M2: 303.125 | N2: 304.875 | O2: 304.375 | P2: 303.625 | Q2: 304.75 | R2: 305.5 | S2: 305.75 | T2: 303.5 | U2: 303.75 | V2: 304.375 | W2: 304.125 | X2: 303 | Y2: =AVERAGE(D2:X2) -> 304.5625
A3: 740 | B3: 0 | C3: AE | D3: 304.5 | E3: 303.125 | F3: 299.375 | G3: 302.875 | H3: 304.25 | I3: 306.125 | J3: 304.875 | L3: 301.75 | M3: 302.75 | N3: 303.75 | O3: 306 | P3: 304.125 | Q3: 304 | R3: 305.375 | S3: 301.875 | T3: 301.125 | U3: 304.375 | V3: 304.625 | W3: 303.375 | X3: 305.625 | Y3: =AVERAGE(D3:X3) -> 303.69375
A4: 760 | B4: 0 | C4: AE | D4: 305.125 | E4: 304.5 | F4: 304.875 | G4: 305.25 | H4: 304.25 | I4: 301.25 | J4: 304.875 | L4: 304 | M4: 303 | N4: 304.5 | O4: 307 | P4: 304.75 | Q4: 305.5 | R4: 305.125 | S4: 303.875 | T4: 304 | U4: 307 | V4: 300.5 | W4: 303.25 | X4: 301.75 | Y4: =AVERAGE(D4:X4) -> 304.21875
A5: 780 | B5: 0 | C5: AE | D5: 303.625 | E5: 303.5 | F5: 304.125 | G5: 303.375 | H5: 302.375 | I5: 303.25 | J5: 304.5 | L5: 305.125 | M5: 305.25 | N5: 305.75 | O5: 303 | P5: 302.875 | Q5: 304 | R5: 305 | S5: 304.5 | T5: 305 | U5: 304.25 | V5: 303.375 | W5: 303.125 | X5: 300.875 | Y5: =AVERAGE(D5:X5) -> 303.84375
A6: 800 | B6: 0 | C6: AE | D6: 303.5 | E6: 306.625 | F6: 304.25 | G6: 304.875 | H6: 303.5 | I6: 303.125 | J6: 304 | L6: 303.125 | M6: 301.75 | N6: 301 | O6: 303 | P6: 302.625 | Q6: 305 | R6: 303.125 | S6: 303 | T6: 303.875 | U6: 303.5 | V6: 305.25 | W6: 304.5 | X6: 305.625 | Y6: =AVERAGE(D6:X6) -> 303.7625
A7: 820 | B7: 0 | C7: AE | D7: 305 | E7: 305.625 | F7: 304 | G7: 307 | H7: 301.5 | I7: 303.875 | J7: 302.375 | K7: 303 | L7: 300.875 | M7: 301.875 | N7: 304 | O7: 303.625 | P7: 303 | Q7: 301.875 | R7: 304.125 | S7: 302.5 | T7: 302.5 | U7: 303.75 | V7: 304.5 | W7: 303.5 | X7: 302.5 | Y7: =AVERAGE(D7:X7) -> 303.38095
A8: 840 | B8: 0 | C8: AE | D8: 303.875 | E8: 303.75 | F8: 302 | G8: 307.375 | H8: 302.5 | I8: 303.125 | J8: 304.75 | L8: 305 | M8: 302.5 | N8: 302 | O8: 302.5 | P8: 304.625 | Q8: 304.5 | R8: 302.625 | S8: 302.875 | T8: 301.25 | U8: 302.5 | V8: 303 | W8: 302 | X8: 302.625 | Y8: =AVERAGE(D8:X8) -> 303.26875
A9: 860 | B9: 0 | C9: AE | D9: 303.875 | E9: 302.5 | F9: 302.875 | G9: 303 | H9: 303.625 | I9: 304.125 | J9: 302.375 | L9: 303.75 | M9: 303 | N9: 303.375 | O9: 301.75 | P9: 302.875 | Q9: 302.75 | R9: 304.25 | S9: 303.125 | T9: 303.375 | U9: 301.875 | V9: =+WET_4!AA288 | W9: 303.375 | X9: 303.375 | Y9: =AVERAGE(D9:X9) -> 303.11842
A10: 880 | B10: 0 | C10: AE | D10: 306.25 | E10: 302.875 | F10: 303.25 | G10: 303.375 | H10: 302.625 | I10: 302.875 | J10: 302.75 | L10: 301.125 | M10: 305.375 | N10: 302.75 | O10: 303.75 | P10: 304.25 | Q10: 304.75 | R10: 303.5 | S10: 302.125 | T10: 301.125 | U10: 304.5 | V10: 303.25 | W10: 302.125 | X10: 303.75 | Y10: =AVERAGE(D10:X10) -> 303.31875
A11: 900 | B11: 0 | C11: AE | D11: 304.625 | E11: 303.875 | F11: 304.875 | G11: 304.125 | H11: 303 | I11: 302.375 | J11: 303.25 | L11: 302.125 | M11: 305.75 | N11: 303.75 | O11: 305.125 | P11: 304.75 | Q11: 298.875 | R11: 306.75 | S11: 300.5 | T11: 305 | U11: 303.875 | V11: 303.375 | W11: 302.875 | X11: 302.75 | Y11: =AVERAGE(D11:X11) -> 303.58125
A12: 920 | B12: 0 | C12: AE | D12: 302.125 | E12: 303.125 | F12: 302.5 | G12: 303.375 | H12: 303.25 | I12: 304.875 | J12: 302.5 | L12: 303.125 | M12: 304.5 | N12: 304.375 | O12: 302.375 | P12: 303.375 | Q12: 302.625 | R12: 302.5 | S12: 302.375 | T12: 302.625 | U12: 302.5 | V12: 304 | W12: 302.5 | X12: 301.75 | Y12: =AVERAGE(D12:X12) -> 303.01875
A13: 940 | B13: 0 | C13: AE | D13: 304.125 | E13: 306.625 | F13: 303.75 | G13: 305.875 | H13: 302.5 | I13: 303.5 | J13: 302.875 | L13: 303.875 | M13: 300 | N13: 303.5 | O13: 302 | P13: 301.875 | Q13: 302.625 | R13: 303.25 | S13: 302.375 | T13: 303.125 | U13: 301.25 | V13: 305.25 | W13: 305 | X13: 305.125 | Y13: =AVERAGE(D13:X13) -> 303.425
A14: 960 | B14: 0 | C14: AE | D14: 303.875 | E14: 303.625 | F14: 302.625 | G14: 303.375 | H14: 304.375 | I14: 304 | J14: 303.75 | L14: 302.125 | M14: 302.375 | N14: 301.5 | O14: 302.25 | P14: 303.5 | Q14: 302.25 | R14: 304.125 | S14: 303.625 | T14: 302.75 | U14: 302.25 | V14: 303.25 | W14: 302.875 | X14: 302.125 | Y14: =AVERAGE(D14:X14) -> 303.03125
A15: 980 | B15: 0 | C15: AE | D15: 302.625 | E15: 303.375 | F15: 303.875 | G15: 301.25 | H15: 301.25 | I15: 302 | J15: 305.75 | L15: 305.25 | M15: 302.25 | N15: 302.25 | O15: 302.75 | P15: 304.875 | Q15: 303.375 | R15: 303.75 | S15: 303.625 | T15: 302.75 | U15: 304.125 | V15: 302.375 | W15: 303.125 | X15: 302.75 | Y15: =AVERAGE(D15:X15) -> 303.16875
A16: 1000 | B16: 0 | C16: AE | D16: 301.875 | E16: 303.625 | F16: 303.125 | G16: 303.125 | H16: 302.25 | I16: 302 | J16: 302.25 | L16: 303.625 | M16: 303 | N16: 304.5 | O16: 303.75 | P16: 302.875 | Q16: 303.375 | R16: 303.625 | S16: 305.375 | T16: 302.875 | U16: 303.375 | V16: 302.5 | W16: 301.875 | X16: 301.875 | Y16: =AVERAGE(D16:X16) -> 303.04375
A17: 1020 | B17: 0 | C17: AE | D17: 302.625 | E17: 302.25 | F17: 305.625 | G17: 302.375 | H17: 304.625 | I17: 305.5 | J17: 303.125 | L17: 303.75 | M17: 303.625 | N17: 303.25 | O17: 302.25 | P17: 303.625 | Q17: 302.5 | R17: 304.625 | S17: 303.625 | T17: 302.75 | U17: 302.75 | V17: 303 | W17: 303.25 | X17: 304 | Y17: =AVERAGE(D17:X17) -> 303.45625
A18: 1040 | B18: 0 | C18: AE | D18: 304.375 | E18: 302.875 | F18: 303.375 | G18: 302.875 | H18: 302.5 | I18: 302.125 | J18: 304.625 | L18: 303.25 | M18: 303 | N18: 304.375 | O18: 304.75 | P18: 305 | Q18: 304.25 | R18: 305.5 | S18: 303.75 | T18: 306.25 | U18: 304.625 | V18: 303.875 | W18: 304.5 | X18: 301 | Y18: =AVERAGE(D18:X18) -> 303.84375
A19: 1060 | B19: 0 | C19: AE | D19: 302.625 | E19: 304.5 | F19: 303.375 | G19: 303 | H19: 303.25 | I19: 302.375 | J19: 302.75 | L19: 304 | M19: 303 | N19: 303.125 | O19: 305.125 | P19: 304 | Q19: 302.625 | R19: 302.875 | S19: 302.5 | T19: 304.375 | U19: 302.625 | V19: 301.75 | W19: 302.875 | X19: 302.5 | Y19: =AVERAGE(D19:X19) -> 303.1625
A20: 1080 | B20: 0 | C20: AE | D20: 304.25 | E20: 303.25 | F20: 304.875 | G20: 306.25 | H20: 302.625 | I20: 303.25 | J20: 303.875 | L20: 302.25 | M20: 302.875 | N20: 301.75 | O20: 301.625 | P20: 303.875 | Q20: 302 | R20: 301.75 | S20: 302.125 | T20: 301.375 | U20: 302.375 | V20: 305 | W20: 303.125 | X20: 305.375 | Y20: =AVERAGE(D20:X20) -> 303.19375
A21: 1100 | B21: 0 | C21: AE | D21: 303 | E21: 305.375 | F21: 302.125 | G21: 300.75 | H21: 303.125 | I21: 302.5 | J21: 303 | L21: 300.875 | M21: 304.5 | N21: 303.25 | O21: 301.125 | P21: 304.625 | Q21: 303 | R21: 301.875 | S21: 305.375 | T21: 305.25 | U21: 303.5 | V21: 304 | W21: 303.125 | X21: 304.625 | Y21: =AVERAGE(D21:X21) -> 303.25
A22: 1120 | B22: 0 | C22: AE | D22: 302.5 | E22: 303.75 | F22: 303.625 | G22: 304.625 | H22: 302.25 | I22: 306.125 | J22: 303.75 | K22: =+V9 | L22: 302 | M22: 303.625 | N22: 302 | O22: 302.25 | P22: 304.25 | Q22: 302.375 | R22: 303.125 | S22: 303.75 | T22: 303.125 | U22: 303.125 | V22: 301.625 | W22: 303.125 | X22: 304.875 | Y22: =AVERAGE(D22:X22) -> 303.29375
A23: 1140 | B23: 0 | C23: AE | D23: 303.5 | E23: 303.875 | F23: 303.875 | G23: 304.125 | H23: 303.375 | I23: 303.75 | J23: 304.875 | K23: 1.1479003 | L23: 302.875 | M23: 303.75 | N23: 303.125 | O23: 302.5 | P23: 302.375 | Q23: 304.625 | R23: 300.625 | S23: 302.5 | T23: 304.125 | U23: 303.125 | V23: 302.625 | W23: 302.75 | X23: 304.625 | Y23: =AVERAGE(D23:X23) -> 288.95942
A24: 1160 | B24: 0 | C24: AE | D24: 302.875 | E24: 304.375 | F24: 305.25 | G24: 301.5 | H24: 302.5 | I24: 303.125 | J24: 302.875 | L24: 302.875 | M24: 302.75 | N24: 302.5 | O24: 303.625 | P24: 304 | Q24: 302.875 | R24: 302.5 | S24: 305.125 | T24: 304.25 | U24: 303.125 | V24: 303.5 | W24: 304.875 | X24: 303 | Y24: =AVERAGE(D24:X24) -> 303.375
A25: 1180 | B25: 0 | C25: AE | D25: 303 | E25: 301.5 | F25: 303.875 | G25: 304.125 | H25: 303.75 | I25: 304.75 | J25: 303.25 | L25: 303.125 | M25: 303.375 | N25: 302.375 | O25: 301.875 | P25: 304.5 | Q25: 303.75 | R25: 304.125 | S25: 302.375 | T25: 302.625 | U25: 303 | V25: 304.875 | W25: 303.125 | X25: 306 | Y25: =AVERAGE(D25:X25) -> 303.46875
A26: 1200 | B26: 0 | C26: AE | D26: 303.75 | E26: 303.25 | F26: 301.5 | G26: 302.375 | H26: 304.5 | I26: 301.25 | J26: 302.875 | L26: 302.625 | M26: 304.375 | N26: 304 | O26: 303.125 | P26: 303 | Q26: 303.25 | R26: 302.5 | S26: 304.5 | T26: 302.375 | U26: 300.5 | V26: 303.125 | W26: 300.75 | X26: 306.25 | Y26: =AVERAGE(D26:X26) -> 302.99375
A27: 1220 | B27: 0 | C27: AE | D27: 302 | E27: 302.125 | F27: 303.5 | G27: 301.875 | H27: 302.75 | I27: 302.625 | J27: 301.625 | L27: 302.25 | M27: 302.75 | N27: 303.75 | O27: 301.875 | P27: 302.75 | Q27: 304.875 | R27: 304.25 | S27: 302.75 | T27: 303.75 | U27: 302.875 | V27: 304 | W27: 302 | X27: 301.625 | Y27: =AVERAGE(D27:X27) -> 302.8
A28: 1240 | B28: 0 | C28: AE | D28: 302.625 | E28: 305 | F28: 303.25 | G28: 303.625 | H28: 303.5 | I28: 304.375 | J28: 301.5 | L28: 303.5 | M28: 302.5 | N28: 303.375 | O28: 302.875 | P28: 303.125 | Q28: 305.25 | R28: 302.5 | S28: 303.625 | T28: 303.125 | U28: 302.375 | V28: 301.75 | W28: 302.625 | X28: 301.25 | Y28: =AVERAGE(D28:X28) -> 303.0875
A29: 1260 | B29: 0 | C29: AE | D29: 302.75 | E29: 302.5 | F29: 304.375 | G29: 302.625 | H29: 301.625 | I29: 301.875 | J29: 302.25 | L29: 300.25 | M29: 301.375 | N29: 301.625 | O29: 302.125 | P29: 302.25 | Q29: 303.125 | R29: 302.25 | S29: 302.125 | T29: 303.375 | U29: 303.625 | V29: 302.125 | W29: 303.5 | X29: 303.375 | Y29: =AVERAGE(D29:X29) -> 302.45625
A30: 1280 | B30: 0 | C30: AE | D30: 301 | E30: 303.5 | F30: 302.75 | G30: 300.25 | H30: 301.875 | I30: 302.75 | J30: 303.25 | L30: 301.625 | M30: 304.25 | N30: 301.625 | O30: 304 | P30: 302.75 | Q30: 302.625 | R30: 303.5 | S30: 301.25 | T30: 302.75 | U30: 303.125 | V30: 300.5 | W30: 301.5 | X30: 302.75 | Y30: =AVERAGE(D30:X30) -> 302.38125
A31: 1300 | B31: 0 | C31: AE | D31: 301.75 | E31: 303.75 | F31: 303.625 | G31: 304 | H31: 302.375 | I31: 302.375 | J31: 300 | L31: 302.125 | M31: 301.875 | N31: 301.75 | O31: 300.625 | P31: 303.875 | Q31: 302.125 | R31: 302.125 | S31: 302.875 | T31: 302.75 | U31: 302.25 | V31: 303 | W31: 304.625 | X31: 302.25 | Y31: =AVERAGE(D31:X31) -> 302.50625
A32: 1320 | B32: 0 | C32: AE | D32: 301.875 | E32: 303 | F32: 301.5 | G32: 300.875 | H32: 302.25 | I32: 300.625 | J32: 301.625 | L32: 301.125 | M32: 301.75 | N32: 300.875 | O32: 301.875 | P32: 303.5 | Q32: 300.625 | R32: 304.25 | S32: 302.625 | T32: 305.625 | U32: 302.25 | V32: 303.125 | W32: 302.75 | X32: 302.625 | Y32: =AVERAGE(D32:X32) -> 302.2375
A33: 1340 | B33: 0 | C33: AE | D33: 303 | E33: 302.125 | F33: 301.375 | G33: 303.375 | H33: 303.375 | I33: 303 | J33: 305.125 | L33: 304.625 | M33: 303.375 | N33: 303.25 | O33: 301.75 | P33: 302.625 | Q33: 303.375 | R33: 303.5 | S33: 301.5 | T33: 302.25 | U33: 303.75 | V33: 303 | W33: 303.625 | X33: 301.5 | Y33: =AVERAGE(D33:X33) -> 302.975
A34: 1360 | B34: 0 | C34: AE | D34: 303.75 | E34: 302.875 | F34: 303 | G34: 302 | H34: 301.375 | I34: 302 | J34: 301.875 | L34: 303.5 | M34: 301.75 | N34: 302.75 | O34: 302.25 | P34: 302.875 | Q34: 300.75 | R34: 301.875 | S34: 301 | T34: 302.25 | U34: 299.625 | V34: 302.75 | W34: 304 | X34: 302.5 | Y34: =AVERAGE(D34:X34) -> 302.2375
A35: 1380 | B35: 0 | C35: AE | D35: 303.125 | E35: 300.125 | F35: 300.75 | G35: 303.375 | H35: 300.5 | I35: 301.375 | J35: 301.5 | L35: 302.25 | M35: 303.875 | N35: 302.625 | O35: 302.25 | P35: 306.125 | Q35: 301.25 | R35: 301.5 | S35: 303 | T35: 304.125 | U35: 303.25 | V35: 303.125 | W35: 303.5 | X35: 301.375 | Y35: =AVERAGE(D35:X35) -> 302.45
... A55: 1780 | B55: 0 | C55: AE | D55: 305.875 | E55: 306.875 | F55: 307.125 | G55: 308.875 | H55: 310.75 | I55: 309 | J55: 308.75 | L55: 308.625 | M55: 306.5 | N55: 306.25 | O55: 308.875 | P55: 308.375 | Q55: 305.75 | R55: 310.75 | S55: 309.5 | T55: 310.5 | U55: 310.375 | V55: 307.5 | W55: 309.375 | X55: 307.25 | Y55: =AVERAGE(D55:X55) -> 308.34375
Y56: =AVERAGE(Y1:Y55) -> 303.4638
A61: 700 | B61: 0 | C61: WE | D61: 318.5 | E61: 317.5 | F61: 317.625 | G61: 320.375 | H61: 319.75 | I61: 318.75 | J61: 319.375 | L61: 320 | M61: 321.5 | N61: 318.375 | O61: 317.875 | P61: 320 | Q61: 320.875 | R61: 317.125 | S61: 318.875 | T61: 319.625 | U61: 317.625 | V61: 318.25 | W61: 318.875 | X61: 319.75 | Y61: =AVERAGE(D61:X61) -> 319.03125
A62: 720 | B62: 0 | C62: WE | D62: 315.625 | E62: 319.875 | F62: 316.5 | G62: 320.5 | H62: 320.375 | I62: 320 | J62: 317.625 | L62: 317.25 | M62: 317.25 | N62: 319.125 | O62: 318.25 | P62: 315.125 | Q62: 318.375 | R62: 317.625 | S62: 319.5 | T62: 315.5 | U62: 317.625 | V62: 319.125 | W62: 319.25 | X62: 316.375 | Y62: =AVERAGE(D62:X62) -> 318.04375
A63: 740 | B63: 0 | C63: WE | D63: 318.375 | E63: 317.5 | F63: 312.375 | G63: 317.125 | H63: 316 | I63: 318.375 | J63: 318.125 | L63: 317.75 | M63: 315.875 | N63: 317.125 | O63: 318.25 | P63: 319.625 | Q63: 316.5 | R63: 319.75 | S63: 316.75 | T63: 310.625 | U63: 316 | V63: 317.125 | W63: 315.375 | X63: 317.75 | Y63: =AVERAGE(D63:X63) -> 316.81875
A64: 760 | B64: 0 | C64: WE | D64: 317.375 | E64: 318.75 | F64: 317.5 | G64: 317.625 | H64: 316.875 | I64: 315.5 | J64: 315.5 | L64: 317.5 | M64: 317.125 | N64: 316.25 | O64: 320.375 | P64: 317.375 | Q64: 318.5 | R64: 316.125 | S64: 316.75 | T64: 318.875 | U64: 319.25 | V64: 316.625 | W64: 315.625 | X64: 316.25 | Y64: =AVERAGE(D64:X64) -> 317.2875
A65: 780 | B65: 0 | C65: WE | D65: 315.625 | E65: 318.125 | F65: 318.625 | G65: 313.375 | H65: 316.875 | I65: 316 | J65: 317.25 | L65: 318.375 | M65: 317.625 | N65: 319.75 | O65: 314.625 | P65: 319.5 | Q65: 319 | R65: 319.375 | S65: 318.625 | T65: 317.25 | U65: 318.625 | V65: 316.5 | W65: 316.125 | X65: 314.375 | Y65: =AVERAGE(D65:X65) -> 317.28125
A66: 800 | B66: 0 | C66: WE | D66: 316.125 | E66: 317.125 | F66: 317.25 | G66: 316.875 | H66: 317.25 | I66: 316.375 | J66: 314.75 | L66: 313.125 | M66: 317.5 | N66: 314 | O66: 315 | P66: 315.125 | Q66: 316.375 | R66: 317.875 | S66: 316.625 | T66: 318.125 | U66: 317.625 | V66: 317.75 | W66: 318.375 | X66: 318.875 | Y66: =AVERAGE(D66:X66) -> 316.60625
A67: 820 | B67: 0 | C67: WE | D67: 317.875 | E67: 317.75 | F67: 315.75 | G67: 319.5 | H67: 314.625 | I67: 316.125 | J67: 313.625 | L67: 315 | M67: 316.5 | N67: 315 | O67: 317.75 | P67: 318.375 | Q67: 315.75 | R67: 316.375 | S67: 316 | T67: 314.5 | U67: 316.625 | V67: 318 | W67: 316.5 | X67: 315.5 | Y67: =AVERAGE(D67:X67) -> 316.35625
A68: 840 | B68: 0 | C68: WE | D68: 316.5 | E68: 316 | F68: 315.125 | G68: 316.25 | H68: 317.625 | I68: 315.75 | J68: 317.5 | L68: 319 | M68: 315.375 | N68: 315.25 | O68: 315.75 | P68: 316.625 | Q68: 317.375 | R68: 313.5 | S68: 316 | T68: 313.625 | U68: 315 | V68: 315.875 | W68: 314.125 | X68: 314.375 | Y68: =AVERAGE(D68:X68) -> 315.83125
A69: 860 | B69: 0 | C69: WE | D69: 318.375 | E69: 314.875 | F69: 315.875 | G69: 317.625 | H69: 316.25 | I69: 315.625 | J69: 315.125 | L69: 317.125 | M69: 314.25 | N69: 317.625 | O69: 311.125 | P69: 314.25 | Q69: 317.625 | R69: 316.875 | S69: 314.625 | T69: 315.875 | U69: 316.125 | V69: 316.5 | W69: 316.5 | X69: 317.25 | Y69: =AVERAGE(D69:X69) -> 315.975
A70: 880 | B70: 0 | C70: WE | D70: 317.875 | E70: 313.125 | F70: 315.5 | G70: 318.625 | H70: 316.625 | I70: 316.875 | J70: 315.5 | L70: 312.875 | M70: 317 | N70: 316.25 | O70: 315.125 | P70: 318.25 | Q70: 315.25 | R70: 315.875 | S70: 316.875 | T70: 314.625 | U70: 314.375 | V70: 316.25 | W70: 316.75 | X70: 316 | Y70: =AVERAGE(D70:X70) -> 315.98125
A71: 900 | B71: 0 | C71: WE | D71: 314.5 | E71: 317.75 | F71: 315.875 | G71: 317.625 | H71: 315.25 | I71: 313.75 | J71: 316.875 | L71: 314.875 | M71: 318 | N71: 316 | O71: 320.625 | P71: 316.25 | Q71: 312.375 | R71: 318.75 | S71: 313.5 | T71: 317.125 | U71: 315.625 | V71: 316.125 | W71: 317 | X71: 317.5 | Y71: =AVERAGE(D71:X71) -> 316.26875
A72: 920 | B72: 0 | C72: WE | D72: 314.125 | E72: 313.875 | F72: 315.875 | G72: 314.875 | H72: 315 | I72: 315.75 | J72: 315.125 | L72: 316.5 | M72: 314.75 | N72: 315.5 | O72: 313.875 | P72: 317 | Q72: 316.75 | R72: 315.125 | S72: 315.5 | T72: 314.25 | U72: 316 | V72: 316.875 | W72: 314 | X72: 313.875 | Y72: =AVERAGE(D72:X72) -> 315.23125
... A115: 1780 | B115: 0 | C115: WE | D115: 316.5 | E115: 319.125 | F115: 317.375 | G115: 318.875 | H115: 319.625 | I115: 321 | J115: 321.625 | L115: 319.375 | M115: 316.25 | N115: 314.75 | O115: 317.375 | P115: 318.5 | Q115: 316.875 | R115: 321.875 | S115: 318.75 | T115: 320.25 | U115: 319.625 | V115: 319.5 | W115: 319.75 | X115: 317.375 | Y115: =AVERAGE(D115:X115) -> 318.71875
Y116: =AVERAGE(Y61:Y115) -> 314.86727
A122: 700 | B122: 1 | C122: AE | D122: 306 | E122: 302.625 | F122: 304.75 | G122: 305.625 | H122: 306 | I122: 303.5 | J122: 302.875 | L122: 305.125 | M122: 304.625 | N122: 305.625 | O122: 304.25 | P122: 302.5 | Q122: 304.625 | R122: 304.75 | S122: 305.375 | T122: 304.5 | U122: 306.25 | V122: 304.375 | W122: 302.75 | X122: 304.5 | Y122: =AVERAGE(D122:X122) -> 304.53125
A123: 720 | B123: 1 | C123: AE | D123: 304.875 | E123: 305.25 | F123: 298.125 | G123: 303.875 | H123: 302.375 | I123: 302.625 | J123: 304.375 | L123: 303.875 | M123: 303.125 | N123: 302.25 | O123: 305 | P123: 305.875 | Q123: 302 | R123: 301.5 | S123: 301.375 | T123: 305 | U123: 304.625 | V123: 301.875 | W123: 304.125 | X123: 302.625 | Y123: =AVERAGE(D123:X123) -> 303.2375
A124: 740 | B124: 1 | C124: AE | D124: 302.875 | E124: 304.875 | F124: 303.375 | G124: 302.125 | H124: 303.5 | I124: 294.25 | J124: 304.125 | L124: 301.125 | M124: 297.5 | N124: 306.25 | O124: 301.875 | P124: 307.5 | Q124: 303.125 | R124: 302.75 | S124: 304.625 | T124: 303.875 | U124: 303.75 | V124: 303.25 | W124: 301.25 | X124: 303.75 | Y124: =AVERAGE(D124:X124) -> 302.7875
A125: 760 | B125: 1 | C125: AE | D125: 301.625 | E125: 302.375 | F125: 301.5 | G125: 302.25 | H125: 303.875 | I125: 303.5 | J125: 300.875 | L125: 299.875 | M125: 304.5 | N125: 304.375 | O125: 303.5 | P125: 302.625 | Q125: 302.25 | R125: 303.375 | S125: 301 | T125: 302.375 | U125: 305.25 | V125: 302.375 | W125: 302.125 | X125: 301.875 | Y125: =AVERAGE(D125:X125) -> 302.575
A126: 780 | B126: 1 | C126: AE | D126: 302.125 | E126: 301.75 | F126: 301.875 | G126: 303.375 | H126: 301.875 | I126: 302.5 | J126: 301.625 | L126: 301.25 | M126: 303.125 | N126: 304.75 | O126: 300.75 | P126: 304.375 | Q126: 303.5 | R126: 303.875 | S126: 304.5 | T126: 301 | U126: 304.25 | V126: 302.75 | W126: 297.875 | X126: 303.625 | Y126: =AVERAGE(D126:X126) -> 302.5375
A127: 800 | B127: 1 | C127: AE | D127: 302.25 | E127: 303.5 | F127: 304.125 | G127: 299.25 | H127: 299.375 | I127: 301.25 | J127: 301.125 | L127: 302.75 | M127: 303.875 | N127: 302.5 | O127: 303.625 | P127: 304.125 | Q127: 304 | R127: 301 | S127: 302 | T127: 304.75 | U127: 303.625 | V127: 302.375 | W127: 302.375 | X127: 302.375 | Y127: =AVERAGE(D127:X127) -> 302.5125
A128: 820 | B128: 1 | C128: AE | D128: 301.625 | E128: 301.375 | F128: 300.125 | G128: 301.75 | H128: 302.5 | I128: 303.875 | J128: 301.375 | L128: 300.375 | M128: 304.375 | N128: 304.125 | O128: 303.125 | P128: 301.625 | Q128: 302.875 | R128: 303 | S128: 302.125 | T128: 303.625 | U128: 304.75 | V128: 300.625 | W128: 304.125 | X128: 302.125 | Y128: =AVERAGE(D128:X128) -> 302.475
A129: 840 | B129: 1 | C129: AE | D129: 300.25 | E129: 303.375 | F129: 300.75 | G129: 303.125 | H129: 305.625 | I129: 304 | J129: 303 | L129: 302.75 | M129: 301.375 | N129: 302.875 | O129: 299.625 | P129: 302 | Q129: 302.5 | R129: 301.5 | S129: 302.875 | T129: 304.125 | U129: 301.375 | V129: 301.875 | W129: 303.25 | X129: 302.875 | Y129: =AVERAGE(D129:X129) -> 302.45625
A130: 860 | B130: 1 | C130: AE | D130: 302.5 | E130: 304.5 | F130: 302.75 | G130: 302.375 | H130: 304.5 | I130: 301.25 | J130: 302.625 | L130: 303.875 | M130: 304.5 | N130: 301.5 | O130: 302 | P130: 302.875 | Q130: 300.5 | R130: 300.625 | S130: 304 | T130: 303.25 | U130: 303 | V130: 304.125 | W130: 302 | X130: 301.875 | Y130: =AVERAGE(D130:X130) -> 302.73125
A131: 880 | B131: 1 | C131: AE | D131: 302.75 | E131: 304.5 | F131: 302.75 | G131: 303.875 | H131: 303 | I131: 300.125 | J131: 302.875 | L131: 301.125 | M131: 302 | N131: 302.5 | O131: 303.375 | P131: 301.5 | Q131: 302.625 | R131: 301.5 | S131: 301.25 | T131: 304.125 | U131: 302.25 | V131: 302.875 | W131: 302.375 | X131: 301.625 | Y131: =AVERAGE(D131:X131) -> 302.45
A132: 900 | B132: 1 | C132: AE | D132: 303.5 | E132: 301.75 | F132: 302.25 | G132: 300.5 | H132: 301.75 | I132: 298.875 | J132: 302.5 | L132: 300.25 | M132: 300.875 | N132: 301.5 | O132: 299.25 | P132: 303.25 | Q132: 302.125 | R132: 299.875 | S132: 302.125 | T132: 303.375 | U132: 302.875 | V132: 303.5 | W132: 304.625 | X132: 302.25 | Y132: =AVERAGE(D132:X132) -> 301.85
A133: 920 | B133: 1 | C133: AE | D133: 302.625 | E133: 302 | F133: 300.375 | G133: 305.25 | H133: 303.375 | I133: 303.125 | J133: 302.125 | L133: 302.125 | M133: 301.875 | N133: 302.375 | O133: 303.25 | P133: 303.75 | Q133: 304.25 | R133: 303.25 | S133: 302.75 | T133: 304.75 | U133: 304.125 | V133: 302.875 | W133: 302.875 | X133: 302.125 | Y133: =AVERAGE(D133:X133) -> 302.9625
... A175: 1760 | B175: 1 | C175: AE | D175: 309.875 | E175: 308.125 | F175: 308.125 | G175: 308 | H175: 307.5 | I175: 306.75 | J175: 308.5 | L175: 306.625 | M175: 307 | N175: 304.625 | O175: 306.25 | P175: 305.875 | Q175: 306.875 | R175: 309.25 | S175: 305.875 | T175: 308.5 | U175: 306.625 | V175: 305.25 | W175: 308.375 | X175: 306.625 | Y175: =AVERAGE(D175:X175) -> 307.23125
Y176: =AVERAGE(Y122:Y175) -> 302.90451
A181: 1780 | B181: 1 | C181: AE | D181: 307.25 | E181: 307.25 | F181: 306.25 | G181: 308 | H181: 308 | I181: 306.5 | J181: 306.125 | L181: 308.75 | M181: 308 | N181: 308 | O181: 309.125 | P181: 306.875 | Q181: 306.375 | R181: 306.375 | S181: 305.125 | T181: 305.75 | U181: 306.625 | V181: 307.875 | W181: 307.125 | X181: 305.625 | Y181: =AVERAGE(D181:X181) -> 307.05
A182: 700 | B182: 1 | C182: WE | D182: 334.875 | E182: 331.5 | F182: 333.5 | G182: 332.5 | H182: 333.125 | I182: 331.375 | J182: 330.375 | L182: 332.25 | M182: 330.875 | N182: 332.875 | O182: 331.125 | P182: 328.375 | Q182: 330.5 | R182: 328.5 | S182: 331.375 | T182: 331.125 | U182: 331.5 | V182: 327.25 | W182: 329.125 | X182: 329.375 | Y182: =AVERAGE(D182:X182) -> 331.075
A183: 720 | B183: 1 | C183: WE | D183: 331.375 | E183: 331.375 | F183: 324.875 | G183: 330.5 | H183: 329.375 | I183: 329.875 | J183: 331.25 | L183: 328.125 | M183: 329.375 | N183: 327.625 | O183: 329.375 | P183: 329.875 | Q183: 326.5 | R183: 327.625 | S183: 326.75 | T183: 329 | U183: 330.625 | V183: 328.5 | W183: 324.75 | X183: 327.5 | Y183: =AVERAGE(D183:X183) -> 328.7125
A184: 740 | B184: 1 | C184: WE | D184: 330.625 | E184: 332.5 | F184: 331.5 | G184: 330.5 | H184: 330.375 | I184: 319.25 | J184: 330.25 | L184: 326.5 | M184: 319.75 | N184: 329.5 | O184: 326 | P184: 332.75 | Q184: 327.75 | R184: 327.375 | S184: 328.25 | T184: 327.75 | U184: 328.375 | V184: 326.625 | W184: 323.5 | X184: 324.875 | Y184: =AVERAGE(D184:X184) -> 327.7
A185: 760 | B185: 1 | C185: WE | D185: 331.375 | E185: 329.75 | F185: 327.75 | G185: 328.375 | H185: 329.25 | I185: 328.75 | J185: 327.875 | L185: 326.625 | M185: 327.25 | N185: 327.625 | O185: 326 | P185: 327.5 | Q185: 325.75 | R185: 326.875 | S185: 322.75 | T185: 328 | U185: 327.25 | V185: 324.25 | W185: 327.5 | X185: 327 | Y185: =AVERAGE(D185:X185) -> 327.375
A186: 780 | B186: 1 | C186: WE | D186: 330 | E186: 326.875 | F186: 327.875 | G186: 330.625 | H186: 326.125 | I186: 327.75 | J186: 326.875 | L186: 326.375 | M186: 329.375 | N186: 327.875 | O186: 323.875 | P186: 326.375 | Q186: 325.875 | R186: 325.75 | S186: 326.875 | T186: 324.625 | U186: 327.375 | V186: 326.125 | W186: 319.75 | X186: 327.375 | Y186: =AVERAGE(D186:X186) -> 326.6875
A187: 800 | B187: 1 | C187: WE | D187: 329.75 | E187: 331.25 | F187: 329 | G187: 325.5 | H187: 324 | I187: 325.625 | J187: 323.375 | L187: 325.75 | M187: 329.125 | N187: 326.5 | O187: 326.875 | P187: 328.25 | Q187: 330.375 | R187: 324.75 | S187: 324.625 | T187: 328.875 | U187: 325.75 | V187: 325.125 | W187: 325.5 | X187: 325.375 | Y187: =AVERAGE(D187:X187) -> 326.76875
A188: 820 | B188: 1 | C188: WE | D188: 329.375 | E188: 325.875 | F188: 324.875 | G188: 329 | H188: 330.25 | I188: 329.5 | J188: 327 | L188: 328.125 | M188: 328.75 | N188: 329 | O188: 326.625 | P188: 324.875 | Q188: 326.25 | R188: 326 | S188: 326.625 | T188: 325.875 | U188: 326.5 | V188: 324.625 | W188: 327.75 | X188: 326 | Y188: =AVERAGE(D188:X188) -> 327.14375
A189: 840 | B189: 1 | C189: WE | D189: 324.125 | E189: 329.5 | F189: 326.375 | G189: 330.125 | H189: 331.625 | I189: 329.125 | J189: 327.375 | L189: 326.875 | M189: 325.375 | N189: 326.25 | O189: 323 | P189: 325.125 | Q189: 323.625 | R189: 324.25 | S189: 326.75 | T189: 325.25 | U189: 325.375 | V189: 326.25 | W189: 327.125 | X189: 326.625 | Y189: =AVERAGE(D189:X189) -> 326.50625
A190: 860 | B190: 1 | C190: WE | D190: 329.375 | E190: 329.5 | F190: 329.875 | G190: 327.25 | H190: 329 | I190: 326.75 | J190: 327 | L190: 327 | M190: 328.375 | N190: 325.5 | O190: 326.375 | P190: 324.25 | Q190: 322.625 | R190: 322.875 | S190: 325.75 | T190: 326.75 | U190: 322.25 | V190: 324.75 | W190: 324.125 | X190: 324.25 | Y190: =AVERAGE(D190:X190) -> 326.18125
A191: 880 | B191: 1 | C191: WE | D191: 327 | E191: 328.375 | F191: 329.625 | G191: 327.375 | H191: 326.625 | I191: 323.375 | J191: 325.625 | L191: 325 | M191: 322.75 | N191: 323 | O191: 324.25 | P191: 324.75 | Q191: 325 | R191: 323.875 | S191: 324.375 | T191: 326.75 | U191: 325.375 | V191: 323.625 | W191: 324 | X191: 323.125 | Y191: =AVERAGE(D191:X191) -> 325.19375
A192: 900 | B192: 1 | C192: WE | D192: 327.5 | E192: 328 | F192: 327.25 | G192: 323.25 | H192: 325 | I192: 322 | J192: 324.75 | L192: 325.375 | M192: 324.5 | N192: 322 | O192: 321.5 | P192: 323.625 | Q192: 323.125 | R192: 323.875 | S192: 324.875 | T192: 323.125 | U192: 322.625 | V192: 326.125 | W192: 325.5 | X192: 324.875 | Y192: =AVERAGE(D192:X192) -> 324.44375
... A236: 1780 | B236: 1 | C236: WE | D236: 321.375 | E236: 324.5 | F236: 321.5 | G236: 323.75 | H236: 325.5 | I236: 321.875 | J236: 324.375 | L236: 323.375 | M236: 321.625 | N236: 324.75 | O236: 325.125 | P236: 321.625 | Q236: 321.25 | R236: 320.25 | S236: 319.5 | T236: 318.875 | U236: 324 | V236: 321.625 | W236: 325.375 | X236: 320.625 | Y236: =AVERAGE(D236:X236) -> 322.54375
Y237: =AVERAGE(Y181:Y236) -> 320.81484
A246: 90 | B246: 0 | C246: WE | D246: 337.375 | E246: 336.75 | F246: 336.625 | G246: 339.625 | H246: 337.125 | I246: 337.25 | J246: 339.625 | L246: 337 | M246: 335.875 | N246: 332.75 | O246: 334.375 | P246: 334.125 | Q246: 337.375 | R246: 337.625 | S246: 335.25 | T246: 335.25 | U246: 336.75 | V246: 337.625 | W246: 336.875 | X246: 335.25 | Y246: =AVERAGE(D246:X246) -> 336.525
A247: 90 | B247: 0 | C247: AE | D247: 319.375 | E247: 319.875 | F247: 318.5 | G247: 321 | H247: 319.25 | I247: 317.375 | J247: 319.5 | L247: 319.375 | M247: 319.25 | N247: 316.5 | O247: 316.5 | P247: 318.25 | Q247: 319.375 | R247: 319.625 | S247: 316.875 | T247: 317.625 | U247: 318.875 | V247: 319.375 | W247: 318.375 | X247: 318.75 | Y247: =AVERAGE(D247:X247) -> 318.68125
A248: 90 | B248: 1 | C248: WE | D248: 334.25 | E248: 333.75 | F248: 336.5 | G248: 336.375 | H248: 339.125 | I248: 336.25 | J248: 338.5 | L248: 339.75 | M248: 336.875 | N248: 330.375 | O248: 336.375 | P248: 334.25 | Q248: 335.125 | R248: 338.875 | S248: 337.375 | T248: 335.25 | U248: 336 | V248: 334.125 | W248: 337 | X248: 339.125 | Y248: =AVERAGE(D248:X248) -> 336.2625
A249: 90 | B249: 1 | C249: AE | D249: 318.25 | E249: 317.75 | F249: 320.5 | G249: 319.875 | H249: 319.875 | I249: 319.5 | J249: 320.875 | L249: 320.75 | M249: 319.125 | N249: 314.5 | O249: 317.75 | P249: 316.375 | Q249: 319.25 | R249: 320.125 | S249: 320.375 | T249: 319.375 | U249: 317.625 | V249: 314.25 | W249: 320.625 | X249: 320.125 | Y249: =AVERAGE(D249:X249) -> 318.84375
A251: 95 | B251: 0 | C251: WE | D251: 336.25 | E251: 337.125 | F251: 337 | G251: 339.625 | H251: 337.625 | I251: 340.375 | J251: 344.75 | L251: 341.5 | M251: 336.875 | N251: 334.375 | O251: 337.5 | P251: 338.75 | Q251: 336.625 | R251: 337.125 | S251: 337.5 | T251: 334.875 | U251: 335 | V251: 333.5 | W251: 337.5 | X251: 337.5 | Y251: =AVERAGE(D251:X251) -> 337.56875
A252: 95 | B252: 0 | C252: AE | D252: 319.5 | E252: 320.25 | F252: 318.625 | G252: 319.625 | H252: 320.625 | I252: 322 | J252: 324.375 | L252: 324.5 | M252: 318.875 | N252: 317.375 | O252: 320.875 | P252: 320.5 | Q252: 319.625 | R252: 318.375 | S252: 320.125 | T252: 319.5 | U252: 318.625 | V252: 317.125 | W252: 320.625 | X252: 319.5 | Y252: =AVERAGE(D252:X252) -> 320.03125
A253: 95 | B253: 1 | C253: WE | D253: 238.875 | E253: 243.375 | F253: 247.5 | G253: 253.25 | H253: 254 | I253: 264.25 | J253: 266.625 | L253: 271.625 | M253: 267.375 | N253: 272.25 | O253: 277.625 | P253: 280.75 | Q253: 283.25 | R253: 282 | S253: 284.375 | T253: 284.5 | U253: 285 | V253: 293.375 | W253: 289.25 | X253: 292.875 | Y253: =AVERAGE(D253:X253) -> 271.60625 | AA253: =+Y251/Y253 -> 1.2428608
A254: 95 | B254: 1 | C254: AE | D254: 321.375 | E254: 319.875 | F254: 319.875 | G254: 321.375 | H254: 320.75 | I254: 323.875 | J254: 324 | L254: 323.125 | M254: 318.25 | N254: 323.25 | O254: 322.75 | P254: 323.375 | Q254: 323.75 | R254: 322.375 | S254: 320.375 | T254: 322.375 | U254: 320.375 | V254: 325.625 | W254: 321.625 | X254: 322.625 | Y254: =AVERAGE(D254:X254) -> 322.05
A258: 140 | B258: 0 | C258: WE | D258: 329.875 | E258: 330.625 | F258: 331.875 | G258: 332.125 | H258: 332.375 | I258: 333.875 | J258: 331.75 | L258: 334.625 | M258: 331.875 | N258: 331.875 | O258: 332.75 | P258: 333.125 | Q258: 331.375 | R258: 333 | S258: 331.5 | T258: 330.5 | U258: 330.625 | V258: 330.875 | W258: 332.125 | X258: 329.75 | Y258: =AVERAGE(D258:X258) -> 331.825
A259: 140 | B259: 0 | C259: AE | D259: 315.25 | E259: 314.25 | F259: 314.875 | G259: 316.75 | H259: 315.375 | I259: 317.25 | J259: 315.75 | L259: 319.25 | M259: 313.625 | N259: 315.875 | O259: 315.5 | P259: 314.75 | Q259: 314.5 | R259: 316.625 | S259: 315.625 | T259: 314.5 | U259: 315.875 | V259: 312.625 | W259: 315.25 | X259: 314.75 | Y259: =AVERAGE(D259:X259) -> 315.4125
A260: 140 | B260: 1 | C260: WE | D260: 275.75 | E260: 281.875 | F260: 285.875 | G260: 287.875 | H260: 291.75 | I260: 290.625 | J260: 290.375 | L260: 287.25 | M260: 290.625 | N260: 293.5 | O260: 293.625 | P260: 294.5 | Q260: 297.25 | R260: 297.25 | S260: 297.625 | T260: 301.625 | U260: 303.375 | V260: 303.625 | W260: 307.375 | X260: 307.125 | Y260: =AVERAGE(D260:X260) -> 293.94375 | AA260: =+Y258/Y260 -> 1.1288724
A261: 140 | B261: 1 | C261: AE | D261: 317.5 | E261: 318.625 | F261: 318.25 | G261: 317.5 | H261: 319.5 | I261: 317.875 | J261: 318.125 | L261: 316.625 | M261: 316.125 | N261: 317.5 | O261: 315.375 | P261: 317.875 | Q261: 318.25 | R261: 315.875 | S261: 315.375 | T261: 316.5 | U261: 317.75 | V261: 317.375 | W261: 317 | X261: 316.875 | Y261: =AVERAGE(D261:X261) -> 317.29375
A265: 1920 | B265: 0 | C265: WE | D265: 298.25 | E265: 298.125 | F265: 298.25 | G265: 301.5 | H265: 299.625 | I265: 299.25 | J265: 298.5 | L265: 301.125 | M265: 299 | N265: 299.75 | O265: 299.75 | P265: 300.75 | Q265: 301.75 | R265: 302.625 | S265: 298.75 | T265: 300.625 | U265: 300.25 | V265: 301.125 | W265: 300.5 | X265: 300.375 | Y265: =AVERAGE(D265:X265) -> 299.99375
A266: 1920 | B266: 0 | C266: AE | D266: 293.75 | E266: 295.875 | F266: 296.375 | G266: 295.375 | H266: 296.75 | I266: 295 | J266: 294.625 | L266: 297.125 | M266: 295.125 | N266: 295.875 | O266: 295.125 | P266: 297.125 | Q266: 295.875 | R266: 297.375 | S266: 296.625 | T266: 296.25 | U266: 296.875 | V266: 294.875 | W266: 295.25 | X266: 296.25 | Y266: =AVERAGE(D266:X266) -> 295.875
A267: 1920 | B267: 1 | C267: WE | D267: 315.25 | E267: 316.5 | F267: 316.5 | G267: 318.25 | H267: 316.875 | I267: 315.75 | J267: 312.75 | L267: 313.75 | M267: 311.5 | N267: 313.125 | O267: 315.5 | P267: 313 | Q267: 311.375 | R267: 310.125 | S267: 309.125 | T267: 310.375 | U267: 313.5 | V267: 310.625 | W267: 308.5 | X267: 310.375 | Y267: =AVERAGE(D267:X267) -> 313.1375 | Z267: =(Y267-Y265)/Y265 -> 0.043813413
A268: 1920 | B268: 1 | C268: AE | D268: 293.875 | E268: 295.25 | F268: 294.25 | G268: 296.375 | H268: 296.625 | I268: 295.375 | J268: 295 | L268: 295.375 | M268: 292.375 | N268: 295.125 | O268: 295.25 | P268: 295.875 | Q268: 293.25 | R268: 293.625 | S268: 295 | T268: 294.375 | U268: 293.75 | V268: 294.25 | W268: 293.375 | X268: 294.5 | Y268: =AVERAGE(D268:X268) -> 294.64375
A271: 10 | B271: 0 | C271: WE | D271: 322 | E271: 323.75 | F271: 321.875 | G271: 322.5 | H271: 322.125 | I271: 322.875 | J271: 322.75 | L271: 327.125 | M271: 325 | N271: 319.75 | O271: 324.625 | P271: 323.5 | Q271: 323.875 | R271: 324.75 | S271: 325.5 | T271: 324.75 | U271: 324.5 | V271: 325.75 | W271: 325.75 | X271: 324.875 | Y271: =AVERAGE(D271:X271) -> 323.88125
A272: 10 | B272: 0 | C272: AE | D272: 313.625 | E272: 311.75 | F272: 311.875 | G272: 312.5 | H272: 313 | I272: 312.5 | J272: 314.25 | L272: 315 | M272: 312.625 | N272: 311.75 | O272: 313.25 | P272: 313.375 | Q272: 313.5 | R272: 312.625 | S272: 315.25 | T272: 314.25 | U272: 314.875 | V272: 315.5 | W272: 314.125 | X272: 313 | Y272: =AVERAGE(D272:X272) -> 313.43125
A273: 10 | B273: 1 | C273: WE | D273: 353.625 | E273: 351 | F273: 349.75 | G273: 349.625 | H273: 350.125 | I273: 351.375 | J273: 348.5 | L273: 350.75 | M273: 348.75 | N273: 349.375 | O273: 348 | P273: 348.75 | Q273: 347.625 | R273: 347.75 | S273: 347.25 | T273: 345.25 | U273: 344.75 | V273: 345.875 | W273: 346.75 | X273: 347.625 | Y273: =AVERAGE(D273:X273) -> 348.625 | Z273: =(Y273-Y271)/Y271 -> 0.076397599
A274: 10 | B274: 1 | C274: AE | D274: 313.5 | E274: 309.25 | F274: 311.5 | G274: 310.75 | H274: 312.125 | I274: 313.5 | J274: 309.75 | L274: 312.125 | M274: 312.5 | N274: 313 | O274: 311.75 | P274: 311.125 | Q274: 312.125 | R274: 311.875 | S274: 311.125 | T274: 310.625 | U274: 310.625 | V274: 309.25 | W274: 310.5 | X274: 312.125 | Y274: =AVERAGE(D274:X274) -> 311.45625
A276: 20 | B276: 0 | C276: WE | D276: 319.5 | E276: 317.625 | F276: 319.25 | G276: 318.125 | H276: 321.5 | I276: 315.875 | J276: 319.625 | L276: 321.375 | M276: 320.375 | N276: 321.875 | O276: 322.25 | P276: 320.25 | Q276: 318.875 | R276: 317.75 | S276: 316.25 | T276: 317.875 | U276: 317.125 | V276: 319 | W276: 319.125 | X276: 318.25 | Y276: =AVERAGE(D276:X276) -> 319.09375 | AB276: Nebulizador
...

Sheet WET_3
A1: 700 | B1: 0 | C1: AE | D1: 300 | E1: 299.875 | F1: 298.5 | G1: 301.25 | H1: 301.875 | I1: 299.625 | J1: 300.125 | K1: 300.75 | L1: 301.375 | M1: 301.25 | N1: 301.625 | O1: 302.25 | P1: 302.25 | Q1: 299.625 | R1: 301.625 | S1: 303 | T1: 304.625 | U1: 302.375 | V1: 302.625 | W1: 300.25 | X1: =AVERAGE(D1:W1) -> 301.24375
A2: 720 | B2: 0 | C2: AE | D2: 300 | E2: 301.625 | F2: 301 | G2: 301.25 | H2: 300.375 | I2: 300 | J2: 301.875 | K2: 300.5 | L2: 300.375 | M2: 300.25 | N2: 302.875 | O2: 299.125 | P2: 302 | Q2: 302.25 | R2: 302.125 | S2: 302.375 | T2: 301.625 | U2: 300.75 | V2: 300.125 | W2: 301.625 | X2: =AVERAGE(D2:W2) -> 301.10625
A3: 740 | B3: 0 | C3: AE | D3: 301 | E3: 300.875 | F3: 299.875 | G3: 296.75 | H3: 299.875 | I3: 301.375 | J3: 300 | K3: 301.75 | L3: 300.125 | M3: 299.75 | N3: 299.125 | O3: 299.625 | P3: 298.375 | Q3: 300.875 | R3: 299.5 | S3: 300.375 | T3: 302.25 | U3: 301.125 | V3: 300.875 | W3: 297.875 | X3: =AVERAGE(D3:W3) -> 300.06875
A4: 760 | B4: 0 | C4: AE | D4: 299.5 | E4: 300.125 | F4: 300.625 | G4: 300.75 | H4: 301.125 | I4: 301 | J4: 299.375 | K4: 299.375 | L4: 298.625 | M4: 302.25 | N4: 300.125 | O4: 299.75 | P4: 297.625 | Q4: 299.5 | R4: 298.875 | S4: 300.375 | T4: 300 | U4: 302 | V4: 299.25 | W4: 300.5 | X4: =AVERAGE(D4:W4) -> 300.0375
A5: 780 | B5: 0 | C5: AE | D5: 298.875 | E5: 299.125 | F5: 298.75 | G5: 300 | H5: 299.25 | I5: 299.5 | J5: 299.75 | K5: 298 | L5: 300.75 | M5: 298.5 | N5: 299.25 | O5: 299.375 | P5: 301.25 | Q5: 300 | R5: 299.25 | S5: 299.625 | T5: 299 | U5: 298.875 | V5: 299.25 | W5: 298.125 | X5: =AVERAGE(D5:W5) -> 299.325
A6: 800 | B6: 0 | C6: AE | D6: 297.875 | E6: 300.875 | F6: 300.375 | G6: 301.25 | H6: 298.25 | I6: 299.25 | J6: 300.625 | K6: 299.125 | L6: 300 | M6: 298.5 | N6: 298.875 | O6: 299.25 | P6: 298 | Q6: 299.875 | R6: 300.75 | S6: 299 | T6: 299.125 | U6: 300.375 | V6: 300.25 | W6: 301.125 | X6: =AVERAGE(D6:W6) -> 299.6375
A7: 820 | B7: 0 | C7: AE | D7: 301.375 | E7: 299.75 | F7: 299.625 | G7: 298 | H7: 298.25 | I7: 300.375 | J7: 296.75 | K7: 300.375 | L7: 300.125 | M7: 301 | N7: 299.875 | O7: 296.25 | P7: 299.125 | Q7: 300.125 | R7: 300 | S7: 300.125 | T7: 300.375 | U7: 299.625 | V7: 299 | W7: 298.375 | X7: =AVERAGE(D7:W7) -> 299.425
A8: 840 | B8: 0 | C8: AE | D8: 299.125 | E8: 299 | F8: 299.625 | G8: 299 | H8: 300.25 | I8: 299 | J8: 299 | K8: 298.375 | L8: 299.875 | M8: 301.125 | N8: 298.25 | O8: 298.875 | P8: 297.25 | Q8: 299.625 | R8: 299 | S8: 299 | T8: 299.875 | U8: 297.75 | V8: 300.375 | W8: 298.5 | X8: =AVERAGE(D8:W8) -> 299.14375
A9: 860 | B9: 0 | C9: AE | D9: 300.5 | E9: 299.125 | F9: 299.125 | G9: 300 | H9: 299 | I9: 298.75 | J9: 299.625 | K9: 300 | L9: 298.5 | M9: 298.625 | N9: 297.75 | O9: 299.25 | P9: 301.875 | Q9: 301.625 | R9: 299.125 | S9: 299.25 | T9: 298.875 | U9: 299.25 | V9: 297 | W9: 299.625 | X9: =AVERAGE(D9:W9) -> 299.34375
A10: 880 | B10: 0 | C10: AE | D10: 298.75 | E10: 298.875 | F10: 296.875 | G10: 299.5 | H10: 298.75 | I10: 297.375 | J10: 297.875 | K10: 299.5 | L10: 297.75 | M10: 302.875 | N10: 300.75 | O10: 301.125 | P10: 299.875 | Q10: 298.875 | R10: 297.125 | S10: 299.125 | T10: 299.125 | U10: 299.375 | V10: 300.25 | W10: 297.125 | X10: =AVERAGE(D10:W10) -> 299.04375
A11: 900 | B11: 0 | C11: AE | D11: 299.125 | E11: 298.5 | F11: 297.375 | G11: 298.75 | H11: 298 | I11: 299 | J11: 298.25 | K11: 300.5 | L11: 299.875 | M11: 298.375 | N11: 298.75 | O11: 299.375 | P11: 298.25 | Q11: 300.625 | R11: 299.75 | S11: 297.125 | T11: 300.125 | U11: 299.75 | V11: 296.5 | W11: 297.75 | X11: =AVERAGE(D11:W11) -> 298.7875
A12: 920 | B12: 0 | C12: AE | D12: 298.25 | E12: 297.625 | F12: 299.375 | G12: 299.25 | H12: 297.25 | I12: 299.125 | J12: 300.125 | K12: 298.75 | L12: 300 | M12: 295.75 | N12: 298.25 | O12: 298 | P12: 296.5 | Q12: 296.875 | R12: 299.625 | S12: 298.625 | T12: 299.75 | U12: 296.875 | V12: 297.5 | W12: 297.75 | X12: =AVERAGE(D12:W12) -> 298.2625
... A31: 1300 | B31: 0 | C31: AE | D31: 294.875 | E31: 296.5 | F31: 295.625 | G31: 296.125 | H31: 297.5 | I31: 295 | J31: 296.875 | K31: 295.625 | L31: 297 | M31: 298.125 | N31: 295.125 | O31: 292.625 | P31: 295.375 | Q31: 295.875 | R31: 297.25 | S31: 295.75 | T31: 297.375 | U31: 297.625 | V31: 296.125 | W31: 296.125 | X31: =AVERAGE(D31:W31) -> 296.125
X32: =AVERAGE(X1:X31) -> 298.07944
A37: 700 | B37: 0 | C37: WE | D37: 308.5 | E37: 308.875 | F37: 309.375 | G37: 310.5 | H37: 310.375 | I37: 309 | J37: 309.75 | K37: 311.875 | L37: 309.5 | M37: 311.375 | N37: 314.125 | O37: 311 | P37: 311.375 | Q37: 310.875 | R37: 311.25 | S37: 310.5 | T37: 314.5 | U37: 313.25 | V37: 312.25 | W37: 311.125 | X37: =AVERAGE(D37:W37) -> 310.96875
A38: 720 | B38: 0 | C38: WE | D38: 311.125 | E38: 310.25 | F38: 311.75 | G38: 311.5 | H38: 308.875 | I38: 310.5 | J38: 308.75 | K38: 308.5 | L38: 310.875 | M38: 310.125 | N38: 312 | O38: 309.125 | P38: 312.625 | Q38: 310.625 | R38: 310.25 | S38: 309 | T38: 311 | U38: 310.875 | V38: 310.625 | W38: 310.75 | X38: =AVERAGE(D38:W38) -> 310.45625
A39: 740 | B39: 0 | C39: WE | D39: 310.5 | E39: 309 | F39: 309.25 | G39: 308.375 | H39: 310.25 | I39: 311.375 | J39: 309.25 | K39: 310.625 | L39: 312.5 | M39: 312.25 | N39: 309.375 | O39: 309.5 | P39: 308 | Q39: 307.625 | R39: 309 | S39: 311.5 | T39: 313 | U39: 310.375 | V39: 311.5 | W39: 308.625 | X39: =AVERAGE(D39:W39) -> 310.09375
A40: 760 | B40: 0 | C40: WE | D40: 308.75 | E40: 309.375 | F40: 308.75 | G40: 310 | H40: 308.125 | I40: 310 | J40: 310.25 | K40: 310.375 | L40: 310.75 | M40: 310.5 | N40: 309.375 | O40: 307.125 | P40: 306.875 | Q40: 309.5 | R40: 309.375 | S40: 308.5 | T40: 311 | U40: 311.625 | V40: 307.875 | W40: 308.875 | X40: =AVERAGE(D40:W40) -> 309.35
A41: 780 | B41: 0 | C41: WE | D41: 307.375 | E41: 309.625 | F41: 308.25 | G41: 310 | H41: 307.875 | I41: 307.875 | J41: 307.25 | K41: 308.25 | L41: 308.625 | M41: 309.375 | N41: 310.5 | O41: 308.5 | P41: 311.25 | Q41: 308.875 | R41: 307.25 | S41: 309.25 | T41: 309 | U41: 310.5 | V41: 307.875 | W41: 309.5 | X41: =AVERAGE(D41:W41) -> 308.85
A42: 800 | B42: 0 | C42: WE | D42: 305.625 | E42: 309 | F42: 309.125 | G42: 307.5 | H42: 307.25 | I42: 308.875 | J42: 311.375 | K42: 309.375 | L42: 309 | M42: 309.875 | N42: 309.75 | O42: 306.5 | P42: 307.375 | Q42: 306.875 | R42: 308 | S42: 310.875 | T42: 308.25 | U42: 310.375 | V42: 308.75 | W42: 309.625 | X42: =AVERAGE(D42:W42) -> 308.66875
A43: 820 | B43: 0 | C43: WE | D43: 308.625 | E43: 308.125 | F43: 307 | G43: 306.375 | H43: 308.75 | I43: 309.875 | J43: 307.25 | K43: 309.625 | L43: 309.5 | M43: 310.5 | N43: 309.875 | O43: 307.25 | P43: 307.875 | Q43: 309.5 | R43: 308.5 | S43: 308.625 | T43: 308.75 | U43: 309 | V43: 308 | W43: 307 | X43: =AVERAGE(D43:W43) -> 308.5
A44: 840 | B44: 0 | C44: WE | D44: 306.75 | E44: 307.5 | F44: 307.5 | G44: 309 | H44: 307.375 | I44: 307.5 | J44: 308.75 | K44: 306.375 | L44: 307.25 | M44: 308.75 | N44: 304.625 | O44: 308.125 | P44: 308.875 | Q44: 306.25 | R44: 307.875 | S44: 307.875 | T44: 307.75 | U44: 305.375 | V44: 308.125 | W44: 306 | X44: =AVERAGE(D44:W44) -> 307.38125
A45: 860 | B45: 0 | C45: WE | D45: 307.5 | E45: 307.75 | F45: 308.5 | G45: 308.25 | H45: 307 | I45: 306.875 | J45: 307.625 | K45: 311.5 | L45: 308.25 | M45: 307.125 | N45: 304.875 | O45: 308.75 | P45: 309 | Q45: 309.375 | R45: 308.125 | S45: 307.625 | T45: 306.375 | U45: 307 | V45: 307.5 | W45: 308.25 | X45: =AVERAGE(D45:W45) -> 307.8625
A46: 880 | B46: 0 | C46: WE | D46: 306.5 | E46: 306.625 | F46: 306.5 | G46: 308.375 | H46: 306.625 | I46: 306.125 | J46: 305.625 | K46: 307.5 | L46: 307.875 | M46: 311 | N46: 308.875 | O46: 311.125 | P46: 307.125 | Q46: 306.875 | R46: 306 | S46: 306.25 | T46: 309.375 | U46: 308.75 | V46: 305.375 | W46: 306.25 | X46: =AVERAGE(D46:W46) -> 307.4375
A47: 900 | B47: 0 | C47: WE | D47: 307.375 | E47: 306.625 | F47: 304.75 | G47: 308.125 | H47: 305.875 | I47: 306.625 | J47: 306.375 | K47: 306 | L47: 307.875 | M47: 308.25 | N47: 307.25 | O47: 307.375 | P47: 306 | Q47: 307.75 | R47: 308.75 | S47: 306.125 | T47: 308.875 | U47: 306.25 | V47: 304.875 | W47: 308.25 | X47: =AVERAGE(D47:W47) -> 306.96875
A48: 920 | B48: 0 | C48: WE | D48: 307.125 | E48: 307.125 | F48: 307 | G48: 307.625 | H48: 306 | I48: 307.625 | J48: 308.625 | K48: 307.125 | L48: 308.5 | M48: 308.125 | N48: 306.125 | O48: 304.375 | P48: 306 | Q48: 306.625 | R48: 307.875 | S48: 307.625 | T48: 307.375 | U48: 302.875 | V48: 304.75 | W48: 305.375 | X48: =AVERAGE(D48:W48) -> 306.69375
... A67: 1300 | B67: 0 | C67: WE | D67: 303.875 | E67: 304.75 | F67: 302.625 | G67: 304.625 | H67: 304.25 | I67: 302.625 | J67: 302 | K67: 302.75 | L67: 303.5 | M67: 304 | N67: 302.25 | O67: 301.625 | P67: 304.875 | Q67: 302.125 | R67: 302.75 | S67: 303.125 | T67: 302.625 | U67: 305.125 | V67: 304.5 | W67: 301.625 | X67: =AVERAGE(D67:W67) -> 303.28125
X68: =AVERAGE(X37:X67) -> 306.08992
A74: 700 | B74: 1 | C74: AE | D74: 302.25 | E74: 301.875 | F74: 300 | G74: 301 | H74: 300.625 | I74: 300.375 | J74: 302.75 | K74: 300.375 | L74: 300.625 | M74: 303 | N74: 299 | O74: 300.125 | P74: 300.5 | Q74: 300.125 | R74: 298.75 | S74: 297.625 | T74: 299.125 | U74: 299.75 | V74: 300.875 | W74: 298.375 | X74: =AVERAGE(D74:W74) -> 300.35625
A75: 720 | B75: 1 | C75: AE | D75: 299.625 | E75: 298.5 | F75: 300.5 | G75: 297.75 | H75: 300.875 | I75: 301.375 | J75: 301.25 | K75: 299.5 | L75: 299.375 | M75: 299.625 | N75: 299 | O75: 299.125 | P75: 300 | Q75: 300.75 | R75: 299.5 | S75: 299.875 | T75: 298.875 | U75: 300.125 | V75: 301.625 | W75: 302.75 | X75: =AVERAGE(D75:W75) -> 300
A76: 740 | B76: 1 | C76: AE | D76: 297.625 | E76: 300 | F76: 298.25 | G76: 298.875 | H76: 299.625 | I76: 299.875 | J76: 299.5 | K76: 300 | L76: 300.625 | M76: 299 | N76: 298.875 | O76: 297.75 | P76: 301.75 | Q76: 297.75 | R76: 298.75 | S76: 299.25 | T76: 300.25 | U76: 299.125 | V76: 300.25 | W76: 299 | X76: =AVERAGE(D76:W76) -> 299.30625
A77: 760 | B77: 1 | C77: AE | D77: 298.875 | E77: 298.375 | F77: 297.75 | G77: 299.5 | H77: 300 | I77: 300 | J77: 300 | K77: 298.75 | L77: 299.5 | M77: 298 | N77: 299.25 | O77: 301 | P77: 297.75 | Q77: 298.25 | R77: 299.75 | S77: 301.375 | T77: 300.25 | U77: 297.375 | V77: 297.375 | W77: 298.75 | X77: =AVERAGE(D77:W77) -> 299.09375
A78: 780 | B78: 1 | C78: AE | D78: 300.125 | E78: 297.625 | F78: 297.75 | G78: 298 | H78: 298.375 | I78: 300.375 | J78: 297.5 | K78: 298.5 | L78: 300 | M78: 301.375 | N78: 299.375 | O78: 298.625 | P78: 298.625 | Q78: 299.75 | R78: 298.875 | S78: 298.375 | T78: 297.375 | U78: 300.375 | V78: 298.625 | W78: 298 | X78: =AVERAGE(D78:W78) -> 298.88125
A79: 800 | B79: 1 | C79: AE | D79: 297 | E79: 297.625 | F79: 300.375 | G79: 298.75 | H79: 300 | I79: 299.125 | J79: 298.625 | K79: 298.875 | L79: 296.75 | M79: 299.75 | N79: 300.875 | O79: 299.375 | P79: 299.625 | Q79: 296.25 | R79: 299.25 | S79: 297.375 | T79: 298 | U79: 296.375 | V79: 298.875 | W79: 298 | X79: =AVERAGE(D79:W79) -> 298.54375
A80: 820 | B80: 1 | C80: AE | D80: 299.375 | E80: 298 | F80: 299.125 | G80: 300.375 | H80: 297.5 | I80: 298 | J80: 298.25 | K80: 297.75 | L80: 298.375 | M80: 299.75 | N80: 300.375 | O80: 299.625 | P80: 299.25 | Q80: 298.375 | R80: 297.5 | S80: 299.375 | T80: 298.625 | U80: 301.125 | V80: 300.125 | W80: 296.125 | X80: =AVERAGE(D80:W80) -> 298.85
A81: 840 | B81: 1 | C81: AE | D81: 296.625 | E81: 295.25 | F81: 297.375 | G81: 299.625 | H81: 297.875 | I81: 298.75 | J81: 298.375 | K81: 298.375 | L81: 300 | M81: 297.625 | N81: 298.25 | O81: 297.25 | P81: 298.625 | Q81: 296.875 | R81: 299 | S81: 297 | T81: 297.25 | U81: 299.5 | V81: 299.875 | W81: 298.875 | X81: =AVERAGE(D81:W81) -> 298.11875
A82: 860 | B82: 1 | C82: AE | D82: 297.375 | E82: 299.25 | F82: 296.625 | G82: 295.375 | H82: 298.375 | I82: 297.25 | J82: 300 | K82: 297.75 | L82: 298 | M82: 298.125 | N82: 297.25 | O82: 299.25 | P82: 297.25 | Q82: 299.125 | R82: 299 | S82: 296.5 | T82: 298.25 | U82: 296.875 | V82: 297 | W82: 299.125 | X82: =AVERAGE(D82:W82) -> 297.8875
A83: 880 | B83: 1 | C83: AE | D83: 298.125 | E83: 297.875 | F83: 297.875 | G83: 298.875 | H83: 297.75 | I83: 296.125 | J83: 300.125 | K83: 299.125 | L83: 299 | M83: 297.625 | N83: 297.25 | O83: 297.625 | P83: 298.5 | Q83: 298.375 | R83: 296.75 | S83: 297.5 | T83: 299.125 | U83: 296.625 | V83: 299.125 | W83: 297.875 | X83: =AVERAGE(D83:W83) -> 298.0625
A84: 900 | B84: 1 | C84: AE | D84: 297 | E84: 297.125 | F84: 299 | G84: 297.875 | H84: 297.5 | I84: 298.25 | J84: 299 | K84: 296.75 | L84: 297.375 | M84: 297.75 | N84: 297.375 | O84: 298.125 | P84: 297.75 | Q84: 297.75 | R84: 297.75 | S84: 297.75 | T84: 299.25 | U84: 300 | V84: 298.625 | W84: 297.125 | X84: =AVERAGE(D84:W84) -> 297.95625
A85: 920 | B85: 1 | C85: AE | D85: 297.375 | E85: 298.875 | F85: 299 | G85: 296.625 | H85: 297.5 | I85: 296.75 | J85: 298.5 | K85: 298.875 | L85: 297.625 | M85: 295.875 | N85: 298 | O85: 296.125 | P85: 298.875 | Q85: 297.875 | R85: 296.75 | S85: 299 | T85: 295.75 | U85: 295.875 | V85: 296.625 | W85: 297.875 | X85: =AVERAGE(D85:W85) -> 297.4875
... A104: 1300 | B104: 1 | C104: AE | D104: 296.625 | E104: 297.5 | F104: 295.375 | G104: 294.625 | H104: 295.5 | I104: 295.125 | J104: 295.375 | K104: 294.75 | L104: 295.5 | M104: 295.875 | N104: 297.125 | O104: 294.375 | P104: 296.375 | Q104: 295.25 | R104: 294.75 | S104: 296.25 | T104: 295.875 | U104: 295.75 | V104: 294.125 | W104: 297.25 | X104: =AVERAGE(D104:W104) -> 295.66875
X105: =AVERAGE(X74:X104) -> 297.2879
A110: 700 | B110: 1 | C110: WE | D110: 324.75 | E110: 324.625 | F110: 322.5 | G110: 322.875 | H110: 323 | I110: 323.5 | J110: 322.25 | K110: 321.625 | L110: 323.375 | M110: 324.625 | N110: 321 | O110: 320.5 | P110: 319.5 | Q110: 322.25 | R110: 320.25 | S110: 318.75 | T110: 318 | U110: 319.375 | V110: 321 | W110: 318.375 | X110: =AVERAGE(D110:W110) -> 321.60625
A111: 720 | B111: 1 | C111: WE | D111: 323.625 | E111: 325.5 | F111: 325 | G111: 323.75 | H111: 322.75 | I111: 323.375 | J111: 324.75 | K111: 322.875 | L111: 320.875 | M111: 322.125 | N111: 319.75 | O111: 320.375 | P111: 323.125 | Q111: 320.625 | R111: 320.625 | S111: 318.375 | T111: 320.125 | U111: 321.375 | V111: 320.25 | W111: 322.375 | X111: =AVERAGE(D111:W111) -> 322.08125
A112: 740 | B112: 1 | C112: WE | D112: 322.125 | E112: 322.25 | F112: 324 | G112: 320.625 | H112: 322.5 | I112: 322 | J112: 320.25 | K112: 322.5 | L112: 320.5 | M112: 320.75 | N112: 319.125 | O112: 323.25 | P112: 323.25 | Q112: 319.25 | R112: 318.375 | S112: 320.625 | T112: 321.25 | U112: 319.125 | V112: 320.625 | W112: 321.5 | X112: =AVERAGE(D112:W112) -> 321.19375
A113: 760 | B113: 1 | C113: WE | D113: 322.375 | E113: 321.375 | F113: 319.75 | G113: 322.25 | H113: 322.125 | I113: 320.875 | J113: 320.75 | K113: 319.25 | L113: 319.375 | M113: 321 | N113: 320.125 | O113: 320.375 | P113: 317.75 | Q113: 318.875 | R113: 318.5 | S113: 319 | T113: 318.25 | U113: 317.5 | V113: 319.375 | W113: 317.625 | X113: =AVERAGE(D113:W113) -> 319.825
A114: 780 | B114: 1 | C114: WE | D114: 319.5 | E114: 320.625 | F114: 317.125 | G114: 318.25 | H114: 318 | I114: 319.125 | J114: 318.375 | K114: 316.25 | L114: 320 | M114: 321.25 | N114: 318.125 | O114: 316.5 | P114: 318.25 | Q114: 318.25 | R114: 316.75 | S114: 318.625 | T114: 317.75 | U114: 318.125 | V114: 316.125 | W114: 315.75 | X114: =AVERAGE(D114:W114) -> 318.1375
A115: 800 | B115: 1 | C115: WE | D115: 316.75 | E115: 317 | F115: 320.25 | G115: 316.25 | H115: 316.5 | I115: 317.375 | J115: 318.875 | K115: 318.25 | L115: 317.25 | M115: 317.625 | N115: 319.5 | O115: 316.875 | P115: 318.5 | Q115: 315.375 | R115: 315.75 | S115: 315.25 | T115: 317.125 | U115: 316.625 | V115: 314.75 | W115: 317.125 | X115: =AVERAGE(D115:W115) -> 317.15
A116: 820 | B116: 1 | C116: WE | D116: 320.25 | E116: 319.5 | F116: 318.75 | G116: 321.5 | H116: 319.375 | I116: 318.625 | J116: 318.75 | K116: 316.125 | L116: 316.25 | M116: 320.25 | N116: 318.625 | O116: 316 | P116: 317.625 | Q116: 316.25 | R116: 317.125 | S116: 318.25 | T116: 317.375 | U116: 317.375 | V116: 315 | W116: 314.375 | X116: =AVERAGE(D116:W116) -> 317.86875
A117: 840 | B117: 1 | C117: WE | D117: 317.375 | E117: 317.5 | F117: 317 | G117: 318.75 | H117: 316.875 | I117: 317 | J117: 316.25 | K117: 317.25 | L117: 317.5 | M117: 317 | N117: 315.125 | O117: 315.125 | P117: 317.625 | Q117: 318.125 | R117: 317 | S117: 317.25 | T117: 313.75 | U117: 316.5 | V117: 314.75 | W117: 313.75 | X117: =AVERAGE(D117:W117) -> 316.575
A118: 860 | B118: 1 | C118: WE | D118: 315.375 | E118: 317.75 | F118: 317.25 | G118: 316.875 | H118: 314.5 | I118: 315.5 | J118: 317.75 | K118: 317.375 | L118: 317.75 | M118: 318.75 | N118: 315.375 | O118: 318.5 | P118: 316.625 | Q118: 317.625 | R118: 315.375 | S118: 314.375 | T118: 315.375 | U118: 315.125 | V118: 312.125 | W118: 314.625 | X118: =AVERAGE(D118:W118) -> 316.2
A119: 880 | B119: 1 | C119: WE | D119: 319.125 | E119: 317.125 | F119: 316.375 | G119: 317.5 | H119: 315.625 | I119: 316 | J119: 318.25 | K119: 315 | L119: 315.125 | M119: 314.875 | N119: 315.875 | O119: 315.875 | P119: 315.625 | Q119: 315.125 | R119: 315.375 | S119: 315.5 | T119: 315.75 | U119: 310.875 | V119: 315.75 | W119: 314.5 | X119: =AVERAGE(D119:W119) -> 315.7625
A120: 900 | B120: 1 | C120: WE | D120: 317.625 | E120: 315.75 | F120: 319.125 | G120: 316.5 | H120: 316.375 | I120: 317 | J120: 316.125 | K120: 316.75 | L120: 314.25 | M120: 315.75 | N120: 313.625 | O120: 314.75 | P120: 315.25 | Q120: 314.75 | R120: 316.75 | S120: 317 | T120: 316.125 | U120: 315.625 | V120: 315.5 | W120: 314 | X120: =AVERAGE(D120:W120) -> 315.93125
A121: 920 | B121: 1 | C121: WE | D121: 316.5 | E121: 316.625 | F121: 318.75 | G121: 316.25 | H121: 316.75 | I121: 315.5 | J121: 318 | K121: 316 | L121: 316.125 | M121: 313.625 | N121: 315.375 | O121: 315.75 | P121: 315.125 | Q121: 314.875 | R121: 314 | S121: 315.5 | T121: 314.375 | U121: 315 | V121: 311.25 | W121: 315.125 | X121: =AVERAGE(D121:W121) -> 315.525
... A140: 1300 | B140: 1 | C140: WE | D140: 316 | E140: 317.125 | F140: 317 | G140: 316.875 | H140: 316.125 | I140: 316.125 | J140: 314.625 | K140: 316.75 | L140: 316.75 | M140: 315.375 | N140: 316 | O140: 314.75 | P140: 315.375 | Q140: 314.5 | R140: 313.625 | S140: 315.5 | T140: 314 | U140: 315.75 | V140: 314.375 | W140: 314.75 | X140: =AVERAGE(D140:W140) -> 315.56875
X141: =AVERAGE(X110:X140) -> 316.44718

Sheet WET_2
A1: 20 | B1: 0 | C1: AE | D1: 363.125 | E1: 364.5 | F1: 360.5 | G1: 355.875 | H1: 364.125 | I1: 362.5 | J1: 363.5 | K1: 359.875 | L1: 365.625 | M1: 365.875 | N1: 362.125 | O1: 352.5 | P1: 365.25 | Q1: 362.875 | R1: 362.75 | S1: 362.25 | T1: 361.625 | U1: 360 | V1: 364.25 | W1: 361.125 | X1: =AVERAGE(D1:W1) -> 362.0125
A2: 40 | B2: 0 | C2: AE | D2: 344.375 | E2: 345 | F2: 345.875 | G2: 344.375 | H2: 342.875 | I2: 342.875 | J2: 342.75 | K2: 343.5 | L2: 341.875 | M2: 343 | N2: 344.875 | O2: 344.5 | P2: 346.75 | Q2: 345.125 | R2: 344.625 | S2: 348 | T2: 345.125 | U2: 345.875 | V2: 343.875 | W2: 345 | X2: =AVERAGE(D2:W2) -> 344.5125
A3: 60 | B3: 0 | C3: AE | D3: 336.125 | E3: 336.375 | F3: 337.125 | G3: 337.25 | H3: 335.875 | I3: 335.125 | J3: 335.25 | K3: 335.625 | L3: 336.625 | M3: 336.25 | N3: 333.875 | O3: 336.25 | P3: 334.75 | Q3: 335.875 | R3: 337 | S3: 336.625 | T3: 336.25 | U3: 336.25 | V3: 337.375 | W3: 335 | X3: =AVERAGE(D3:W3) -> 336.04375
A4: 80 | B4: 0 | C4: AE | D4: 328.875 | E4: 331.75 | F4: 331.25 | G4: 330.25 | H4: 329 | I4: 331.5 | J4: 331.375 | K4: 332.125 | L4: 331.75 | M4: 331 | N4: 330.875 | O4: 334.625 | P4: 331.125 | Q4: 331 | R4: 332.125 | S4: 329.75 | T4: 328.875 | U4: 329.5 | V4: 331 | W4: 331.125 | X4: =AVERAGE(D4:W4) -> 330.94375
A5: 100 | B5: 0 | C5: AE | D5: 329.375 | E5: 329.5 | F5: 329.125 | G5: 326.375 | H5: 327.5 | I5: 328.25 | J5: 327.5 | K5: 327.625 | L5: 327 | M5: 326.125 | N5: 327.125 | O5: 328.5 | P5: 326.625 | Q5: 327.5 | R5: 326.75 | S5: 326.25 | T5: 327.75 | U5: 329.125 | V5: 326.75 | W5: 328 | X5: =AVERAGE(D5:W5) -> 327.6375
A6: 120 | B6: 0 | C6: AE | D6: 326 | E6: 326.375 | F6: 326.75 | G6: 325.75 | H6: 326.5 | I6: 323.5 | J6: 324 | K6: 326.5 | L6: 325.625 | M6: 324.75 | N6: 325.25 | O6: 324 | P6: 326.875 | Q6: 325.625 | R6: 325.25 | S6: 324.625 | T6: 323 | U6: 322.5 | V6: 325.625 | W6: 322.125 | X6: =AVERAGE(D6:W6) -> 325.03125
A7: 140 | B7: 0 | C7: AE | D7: 326.875 | E7: 324.375 | F7: 324.75 | G7: 325.25 | H7: 325.125 | I7: 324.375 | J7: 324.25 | K7: 324.5 | L7: 322.875 | M7: 326.875 | N7: 325.5 | O7: 325.375 | P7: 323.5 | Q7: 324.875 | R7: 324.75 | S7: 324.75 | T7: 325 | U7: 325.375 | V7: 322.125 | W7: 324 | X7: =AVERAGE(D7:W7) -> 324.725
A8: 160 | B8: 0 | C8: AE | D8: 323.5 | E8: 321.625 | F8: 321.625 | G8: 322.125 | H8: 323.375 | I8: 324.375 | J8: 322.125 | K8: 323.75 | L8: 323.875 | M8: 322.75 | N8: 324.75 | O8: 325.125 | P8: 323.75 | Q8: 323.125 | R8: 323 | S8: 323 | T8: 323.125 | U8: 322.25 | V8: 320.75 | W8: 324.25 | X8: =AVERAGE(D8:W8) -> 323.1125
A9: 180 | B9: 0 | C9: AE | D9: 323.25 | E9: 321.625 | F9: 319.75 | G9: 321.125 | H9: 323.125 | I9: 321.125 | J9: 320.125 | K9: 321.875 | L9: 323.5 | M9: 321.125 | N9: 319.625 | O9: 321.125 | P9: 323 | Q9: 321 | R9: 322.375 | S9: 323.875 | T9: 322.875 | U9: 320.125 | V9: 323.75 | W9: 320.875 | X9: =AVERAGE(D9:W9) -> 321.7625
A10: 200 | B10: 0 | C10: AE | D10: 318.875 | E10: 320.625 | F10: 319.125 | G10: 322.125 | H10: 322.625 | I10: 322.25 | J10: 323 | K10: 320.375 | L10: 319.375 | M10: 322.625 | N10: 320.25 | O10: 319.25 | P10: 319.625 | Q10: 320 | R10: 319.75 | S10: 320 | T10: 320.875 | U10: 318.875 | V10: 321.125 | W10: 320.375 | X10: =AVERAGE(D10:W10) -> 320.55625
A11: 220 | B11: 0 | C11: AE | D11: 318.25 | E11: 317.75 | F11: 318 | G11: 320 | H11: 318.75 | I11: 317.75 | J11: 317.875 | K11: 316.625 | L11: 318.625 | M11: 318.875 | N11: 320.375 | O11: 321.25 | P11: 319.875 | Q11: 320.125 | R11: 322.375 | S11: 319.125 | T11: 320 | U11: 321.375 | V11: 319.75 | W11: 321.25 | X11: =AVERAGE(D11:W11) -> 319.4
A12: 240 | B12: 0 | C12: AE | D12: 317.375 | E12: 316.125 | F12: 318.75 | G12: 319.5 | H12: 318.5 | I12: 318.625 | J12: 316.875 | K12: 317.25 | L12: 317 | M12: 316.25 | N12: 315.75 | O12: 315.75 | P12: 318.375 | Q12: 316.625 | R12: 317.5 | S12: 318.25 | T12: 318.625 | U12: 317.25 | V12: 318 | W12: 317.25 | X12: =AVERAGE(D12:W12) -> 317.48125
... A35: 700 | B35: 0 | C35: AE | D35: 304.625 | E35: 303.75 | F35: 302.875 | G35: 302.875 | H35: 304.375 | I35: 302 | J35: 303.625 | K35: 303.5 | L35: 305 | M35: 302.375 | N35: 302 | O35: 304.875 | P35: 304.625 | Q35: 303.375 | R35: 304.625 | S35: 305 | T35: 303.25 | U35: 302.625 | V35: 302.875 | W35: 302 | X35: =AVERAGE(D35:W35) -> 303.5125
X36: =AVERAGE(X17:X35) -> 306.34145
A41: 20 | B41: 0 | C41: WE | D41: 412.375 | E41: 416.375 | F41: 413.375 | G41: 406.125 | H41: 415.375 | I41: 411.75 | J41: 414.625 | K41: 406.625 | L41: 414.375 | M41: 415.125 | N41: 412.75 | O41: 410.625 | P41: 415.625 | Q41: 416.875 | R41: 410.5 | S41: 415.375 | T41: 412.125 | U41: 412.125 | V41: 414.25 | W41: 412.75 | X41: =AVERAGE(D41:W41) -> 412.95625
A42: 40 | B42: 0 | C42: WE | D42: 385 | E42: 387.625 | F42: 385.25 | G42: 384.75 | H42: 384.875 | I42: 381 | J42: 384.375 | K42: 381.75 | L42: 382.125 | M42: 383.625 | N42: 383.5 | O42: 385.5 | P42: 386.5 | Q42: 386.25 | R42: 387.25 | S42: 388.375 | T42: 386.75 | U42: 385.875 | V42: 384 | W42: 386.625 | X42: =AVERAGE(D42:W42) -> 385.05
A43: 60 | B43: 0 | C43: WE | D43: 371.125 | E43: 372.625 | F43: 373.625 | G43: 374.625 | H43: 372.875 | I43: 370.875 | J43: 372.25 | K43: 371.875 | L43: 372.625 | M43: 373.375 | N43: 371.25 | O43: 370.875 | P43: 373.875 | Q43: 372 | R43: 371.25 | S43: 371.375 | T43: 373.125 | U43: 371.25 | V43: 373.25 | W43: 371.875 | X43: =AVERAGE(D43:W43) -> 372.3
A44: 80 | B44: 0 | C44: WE | D44: 363.125 | E44: 362.625 | F44: 363.875 | G44: 361.875 | H44: 362.5 | I44: 365.125 | J44: 365.125 | K44: 364.625 | L44: 364.125 | M44: 364.875 | N44: 366.25 | O44: 365.125 | P44: 365.5 | Q44: 363.875 | R44: 365.25 | S44: 363.375 | T44: 361.5 | U44: 361.375 | V44: 364.75 | W44: 364.25 | X44: =AVERAGE(D44:W44) -> 363.95625
A45: 100 | B45: 0 | C45: WE | D45: 359 | E45: 358.5 | F45: 358.25 | G45: 358.125 | H45: 359.5 | I45: 360.5 | J45: 358 | K45: 359.5 | L45: 357.625 | M45: 357.5 | N45: 358.5 | O45: 359.125 | P45: 356.875 | Q45: 357.375 | R45: 357.375 | S45: 357.75 | T45: 355.125 | U45: 359.25 | V45: 357 | W45: 358.25 | X45: =AVERAGE(D45:W45) -> 358.15625
A46: 120 | B46: 0 | C46: WE | D46: 355.375 | E46: 356.125 | F46: 355.875 | G46: 352.75 | H46: 353.625 | I46: 352.625 | J46: 355.625 | K46: 354.5 | L46: 354.75 | M46: 354.75 | N46: 353.625 | O46: 353.875 | P46: 356.625 | Q46: 353.125 | R46: 355.125 | S46: 355.125 | T46: 353.5 | U46: 352.75 | V46: 354.25 | W46: 351.625 | X46: =AVERAGE(D46:W46) -> 354.28125
A47: 140 | B47: 0 | C47: WE | D47: 354.375 | E47: 351.125 | F47: 352.5 | G47: 354.25 | H47: 353.625 | I47: 350.625 | J47: 352 | K47: 352.375 | L47: 353.5 | M47: 355.25 | N47: 351.875 | O47: 355.375 | P47: 352.125 | Q47: 352.25 | R47: 353.125 | S47: 354.5 | T47: 353.375 | U47: 353 | V47: 351.75 | W47: 350.375 | X47: =AVERAGE(D47:W47) -> 352.86875
A48: 160 | B48: 0 | C48: WE | D48: 350.5 | E48: 350.875 | F48: 347 | G48: 349.875 | H48: 351.375 | I48: 348.75 | J48: 349.875 | K48: 351 | L48: 350.5 | M48: 351 | N48: 350.625 | O48: 352.25 | P48: 351.25 | Q48: 350.75 | R48: 348.625 | S48: 350.25 | T48: 348.875 | U48: 349.25 | V48: 346.5 | W48: 349.625 | X48: =AVERAGE(D48:W48) -> 349.9375
A49: 180 | B49: 0 | C49: WE | D49: 350 | E49: 347.375 | F49: 347.75 | G49: 346.75 | H49: 348.75 | I49: 348 | J49: 348.375 | K49: 348.125 | L49: 348.375 | M49: 348.5 | N49: 345.5 | O49: 347.75 | P49: 348.625 | Q49: 347 | R49: 347.375 | S49: 349.875 | T49: 347.375 | U49: 349.375 | V49: 346.875 | W49: 347.75 | X49: =AVERAGE(D49:W49) -> 347.975
A50: 200 | B50: 0 | C50: WE | D50: 344.25 | E50: 346.375 | F50: 343.375 | G50: 346.875 | H50: 347.375 | I50: 346.125 | J50: 349.5 | K50: 344.125 | L50: 345 | M50: 347.25 | N50: 344.25 | O50: 345.75 | P50: 344.75 | Q50: 345.5 | R50: 345.125 | S50: 347 | T50: 346.125 | U50: 344.875 | V50: 343.375 | W50: 345.125 | X50: =AVERAGE(D50:W50) -> 345.60625
A51: 220 | B51: 0 | C51: WE | D51: 341.875 | E51: 344 | F51: 340.5 | G51: 345.25 | H51: 340.875 | I51: 342.875 | J51: 339.875 | K51: 339.75 | L51: 342.375 | M51: 339.625 | N51: 343.25 | O51: 342.75 | P51: 344.75 | Q51: 343.125 | R51: 344.25 | S51: 343.25 | T51: 343.625 | U51: 344.375 | V51: 341.125 | W51: 345.625 | X51: =AVERAGE(D51:W51) -> 342.65625
A52: 240 | B52: 0 | C52: WE | D52: 341.875 | E52: 340.75 | F52: 341.625 | G52: 342.375 | H52: 338.625 | I52: 340.375 | J52: 340.125 | K52: 341.875 | L52: 340 | M52: 339.5 | N52: 336.875 | O52: 336.375 | P52: 338.875 | Q52: 341.125 | R52: 340.625 | S52: 342.375 | T52: 340.5 | U52: 339.375 | V52: 340.5 | W52: 338.625 | X52: =AVERAGE(D52:W52) -> 340.11875
... A75: 700 | B75: 0 | C75: WE | D75: 314.75 | E75: 316.625 | F75: 313 | G75: 314.875 | H75: 313.875 | I75: 313.75 | J75: 313.75 | K75: 314.125 | L75: 316.5 | M75: 313.5 | N75: 312.5 | O75: 313 | P75: 316 | Q75: 313.5 | R75: 313.25 | S75: 314.875 | T75: 313.125 | U75: 312.125 | V75: 312.375 | W75: 312.625 | X75: =AVERAGE(D75:W75) -> 313.90625
X76: =AVERAGE(X57:X75) -> 319.93618
A82: 20 | B82: 1 | C82: AE | D82: 360.75 | E82: 359 | F82: 360.125 | G82: 357.375 | H82: 362.375 | I82: 361.25 | J82: 359.625 | K82: 361.375 | L82: 360.375 | M82: 359.5 | N82: 359.375 | O82: 362.5 | P82: 360.875 | Q82: 360.375 | R82: 360.625 | S82: 360.625 | T82: 358.75 | U82: 361.625 | V82: 358.625 | W82: 359.375 | X82: =AVERAGE(D82:W82) -> 360.225
A83: 40 | B83: 1 | C83: AE | D83: 344.75 | E83: 342.75 | F83: 344.5 | G83: 343.125 | H83: 342.875 | I83: 342.25 | J83: 344.75 | K83: 342.75 | L83: 341.75 | M83: 343.25 | N83: 344.625 | O83: 344.25 | P83: 345.5 | Q83: 341.5 | R83: 343.75 | S83: 343.75 | T83: 342.875 | U83: 344.25 | V83: 344.125 | W83: 342.625 | X83: =AVERAGE(D83:W83) -> 343.5
A84: 60 | B84: 1 | C84: AE | D84: 337 | E84: 335 | F84: 335.25 | G84: 335 | H84: 335.75 | I84: 334.5 | J84: 334.375 | K84: 335.125 | L84: 335 | M84: 333.75 | N84: 333.75 | O84: 335 | P84: 333.75 | Q84: 337.25 | R84: 337 | S84: 335.375 | T84: 334.875 | U84: 335 | V84: 335.625 | W84: 336 | X84: =AVERAGE(D84:W84) -> 335.21875
A85: 80 | B85: 1 | C85: AE | D85: 329.875 | E85: 327.25 | F85: 332.75 | G85: 329.375 | H85: 329.625 | I85: 331.875 | J85: 328.25 | K85: 327.625 | L85: 329.375 | M85: 331.75 | N85: 330.375 | O85: 332.625 | P85: 329.875 | Q85: 331.125 | R85: 332.25 | S85: 331 | T85: 327.375 | U85: 330.75 | V85: 328.75 | W85: 329.5 | X85: =AVERAGE(D85:W85) -> 330.06875
A86: 100 | B86: 1 | C86: AE | D86: 327.75 | E86: 328.25 | F86: 328.625 | G86: 326.625 | H86: 326.375 | I86: 327.875 | J86: 325.875 | K86: 327.5 | L86: 324.5 | M86: 327.375 | N86: 326.875 | O86: 327.375 | P86: 326.875 | Q86: 327.625 | R86: 327.375 | S86: 327.375 | T86: 325.5 | U86: 325 | V86: 325.875 | W86: 328.25 | X86: =AVERAGE(D86:W86) -> 326.94375
A87: 120 | B87: 1 | C87: AE | D87: 326.125 | E87: 322.25 | F87: 324.75 | G87: 325.125 | H87: 323.625 | I87: 325.875 | J87: 324.25 | K87: 322.625 | L87: 324.25 | M87: 325.375 | N87: 323.75 | O87: 325.375 | P87: 323.75 | Q87: 323.875 | R87: 326 | S87: 324.125 | T87: 324.125 | U87: 324.125 | V87: 324.5 | W87: 323.125 | X87: =AVERAGE(D87:W87) -> 324.35
A88: 140 | B88: 1 | C88: AE | D88: 325.375 | E88: 323.75 | F88: 322.25 | G88: 323.75 | H88: 325.125 | I88: 326.125 | J88: 324.75 | K88: 323.75 | L88: 325.625 | M88: 325 | N88: 323.875 | O88: 320.875 | P88: 323.5 | Q88: 324.375 | R88: 324 | S88: 323.5 | T88: 325.125 | U88: 324 | V88: 325.25 | W88: 324.5 | X88: =AVERAGE(D88:W88) -> 324.225
A89: 160 | B89: 1 | C89: AE | D89: 324.375 | E89: 322.375 | F89: 323.75 | G89: 322.875 | H89: 320.875 | I89: 324 | J89: 323 | K89: 321.125 | L89: 322.5 | M89: 322.5 | N89: 321.5 | O89: 322 | P89: 323.25 | Q89: 321.625 | R89: 321.625 | S89: 322.5 | T89: 321.875 | U89: 324.375 | V89: 319 | W89: 319.75 | X89: =AVERAGE(D89:W89) -> 322.24375
A90: 180 | B90: 1 | C90: AE | D90: 320.75 | E90: 321.375 | F90: 321.375 | G90: 322.25 | H90: 321.125 | I90: 321.75 | J90: 323 | K90: 320.125 | L90: 322 | M90: 321.25 | N90: 322.875 | O90: 321.625 | P90: 319.125 | Q90: 319.75 | R90: 321.625 | S90: 322.375 | T90: 321.125 | U90: 319.375 | V90: 319.375 | W90: 318.875 | X90: =AVERAGE(D90:W90) -> 321.05625
A91: 200 | B91: 1 | C91: AE | D91: 317 | E91: 318.125 | F91: 317.5 | G91: 320.5 | H91: 320.375 | I91: 320.625 | J91: 318.375 | K91: 319.625 | L91: 317.5 | M91: 322 | N91: 319.25 | O91: 318.125 | P91: 320.5 | Q91: 319.375 | R91: 321.375 | S91: 319 | T91: 319.5 | U91: 317.75 | V91: 318.5 | W91: 318.625 | X91: =AVERAGE(D91:W91) -> 319.18125
A92: 220 | B92: 1 | C92: AE | D92: 318.375 | E92: 317.875 | F92: 316.75 | G92: 315.375 | H92: 317.875 | I92: 317.75 | J92: 316.625 | K92: 316.375 | L92: 316.875 | M92: 317 | N92: 317.25 | O92: 319.25 | P92: 317.25 | Q92: 317.75 | R92: 319.625 | S92: 318.125 | T92: 318.75 | U92: 319.5 | V92: 317.25 | W92: 320 | X92: =AVERAGE(D92:W92) -> 317.78125
A93: 240 | B93: 1 | C93: AE | D93: 316.375 | E93: 315.625 | F93: 317.25 | G93: 316.375 | H93: 316 | I93: 317.5 | J93: 317.875 | K93: 317.5 | L93: 318 | M93: 318.375 | N93: 316.875 | O93: 314 | P93: 317.25 | Q93: 313.375 | R93: 315.375 | S93: 316.5 | T93: 317.875 | U93: 317.625 | V93: 317.875 | W93: 316.25 | X93: =AVERAGE(D93:W93) -> 316.69375
... A116: 700 | B116: 1 | C116: AE | D116: 302.875 | E116: 303.875 | F116: 302.875 | G116: 302.375 | H116: 303.25 | I116: 301.875 | J116: 303 | K116: 303.25 | L116: 303.375 | M116: 303 | N116: 303 | O116: 304.25 | P116: 303.875 | Q116: 303.25 | R116: 301.75 | S116: 302.75 | T116: 301 | U116: 301.375 | V116: 303 | W116: 305 | X116: =AVERAGE(D116:W116) -> 302.95
X117: =AVERAGE(X98:X116) -> 305.89309
A122: 20 | B122: 1 | C122: WE | D122: 426.125 | E122: 424.625 | F122: 425 | G122: 421.25 | H122: 429.625 | I122: 424.75 | J122: 422.875 | K122: 424.5 | L122: 426.125 | M122: 423 | N122: 427.125 | O122: 427.25 | P122: 425 | Q122: 424.625 | R122: 424.375 | S122: 425.125 | T122: 421.875 | U122: 422.5 | V122: 422.5 | W122: 424 | X122: =AVERAGE(D122:W122) -> 424.6125
A123: 40 | B123: 1 | C123: WE | D123: 401.875 | E123: 401 | F123: 400.625 | G123: 400.5 | H123: 399.125 | I123: 401.25 | J123: 401.25 | K123: 398 | L123: 396.625 | M123: 397.375 | N123: 400 | O123: 400.125 | P123: 399.875 | Q123: 395.875 | R123: 395.125 | S123: 396.75 | T123: 396.125 | U123: 396.625 | V123: 397.75 | W123: 398.625 | X123: =AVERAGE(D123:W123) -> 398.725
A124: 60 | B124: 1 | C124: WE | D124: 387.75 | E124: 386.5 | F124: 388.5 | G124: 387.625 | H124: 387.625 | I124: 386 | J124: 385.375 | K124: 387 | L124: 384.5 | M124: 382.375 | N124: 385.75 | O124: 385.375 | P124: 381.875 | Q124: 384.875 | R124: 383.125 | S124: 385.125 | T124: 384.125 | U124: 383.625 | V124: 384.5 | W124: 384.875 | X124: =AVERAGE(D124:W124) -> 385.325
A125: 80 | B125: 1 | C125: WE | D125: 378.375 | E125: 376.75 | F125: 380.375 | G125: 378.375 | H125: 376.875 | I125: 379.125 | J125: 378.625 | K125: 377.5 | L125: 377.875 | M125: 376.125 | N125: 377 | O125: 376.375 | P125: 376.25 | Q125: 376.25 | R125: 378.5 | S125: 378.25 | T125: 374.875 | U125: 375.625 | V125: 373.625 | W125: 373.375 | X125: =AVERAGE(D125:W125) -> 377.00625
A126: 100 | B126: 1 | C126: WE | D126: 376.125 | E126: 374.625 | F126: 373.5 | G126: 371.875 | H126: 372.625 | I126: 372.5 | J126: 371.875 | K126: 373.125 | L126: 370.75 | M126: 372.5 | N126: 369.75 | O126: 370.875 | P126: 370.625 | Q126: 370.625 | R126: 369.5 | S126: 370 | T126: 370.375 | U126: 369.125 | V126: 367.75 | W126: 369 | X126: =AVERAGE(D126:W126) -> 371.35625
A127: 120 | B127: 1 | C127: WE | D127: 371 | E127: 368 | F127: 369.25 | G127: 369.125 | H127: 369 | I127: 368.25 | J127: 367.875 | K127: 367.875 | L127: 366.75 | M127: 366.875 | N127: 365.5 | O127: 367.75 | P127: 366.625 | Q127: 366.75 | R127: 367.25 | S127: 368.75 | T127: 368.375 | U127: 366.375 | V127: 365.625 | W127: 363 | X127: =AVERAGE(D127:W127) -> 367.5
A128: 140 | B128: 1 | C128: WE | D128: 366.375 | E128: 368.125 | F128: 367.875 | G128: 367.25 | H128: 369.25 | I128: 368.625 | J128: 367.375 | K128: 367.375 | L128: 367.5 | M128: 366 | N128: 365.75 | O128: 365.125 | P128: 366 | Q128: 365.875 | R128: 367.25 | S128: 364.625 | T128: 363 | U128: 365.75 | V128: 366.875 | W128: 365.5 | X128: =AVERAGE(D128:W128) -> 366.575
A129: 160 | B129: 1 | C129: WE | D129: 366.375 | E129: 364.125 | F129: 366.375 | G129: 366.125 | H129: 363.375 | I129: 364.5 | J129: 363 | K129: 365.125 | L129: 364.125 | M129: 360.875 | N129: 363.75 | O129: 359.875 | P129: 364.75 | Q129: 361.125 | R129: 362.625 | S129: 362.125 | T129: 359.75 | U129: 362.125 | V129: 358.375 | W129: 358.25 | X129: =AVERAGE(D129:W129) -> 362.8375
A130: 180 | B130: 1 | C130: WE | D130: 364.125 | E130: 365 | F130: 365.625 | G130: 363.75 | H130: 363.875 | I130: 362.625 | J130: 363.375 | K130: 361.5 | L130: 361.875 | M130: 360.875 | N130: 360 | O130: 361.125 | P130: 358.75 | Q130: 358.5 | R130: 357.125 | S130: 357.625 | T130: 358.875 | U130: 359.125 | V130: 358.375 | W130: 355.875 | X130: =AVERAGE(D130:W130) -> 360.9
A131: 200 | B131: 1 | C131: WE | D131: 356.625 | E131: 358.875 | F131: 359.125 | G131: 359.25 | H131: 359.75 | I131: 360.25 | J131: 357.375 | K131: 358.625 | L131: 357.625 | M131: 360 | N131: 356.25 | O131: 356.75 | P131: 357 | Q131: 357.375 | R131: 359.5 | S131: 359 | T131: 358.125 | U131: 353.5 | V131: 355.75 | W131: 356.125 | X131: =AVERAGE(D131:W131) -> 357.84375
A132: 220 | B132: 1 | C132: WE | D132: 358.75 | E132: 355.375 | F132: 356.125 | G132: 355.625 | H132: 357.25 | I132: 355.375 | J132: 356 | K132: 354.125 | L132: 355.25 | M132: 354.875 | N132: 357.125 | O132: 357.75 | P132: 356.125 | Q132: 357 | R132: 358 | S132: 354.25 | T132: 356.5 | U132: 356.5 | V132: 356.25 | W132: 356.25 | X132: =AVERAGE(D132:W132) -> 356.225
A133: 240 | B133: 1 | C133: WE | D133: 355.375 | E133: 354.5 | F133: 354.875 | G133: 355.875 | H133: 354.625 | I133: 354.75 | J133: 356.75 | K133: 354.25 | L133: 353.875 | M133: 351.75 | N133: 351.25 | O133: 350.5 | P133: 351.875 | Q133: 352.125 | R133: 349.875 | S133: 349.875 | T133: 351.5 | U133: 352.375 | V133: 354.25 | W133: 352.625 | X133: =AVERAGE(D133:W133) -> 353.14375
... A156: 700 | B156: 1 | C156: WE | D156: 324.125 | E156: 324.75 | F156: 322.25 | G156: 323.25 | H156: 321 | I156: 321.625 | J156: 320.875 | K156: 323.5 | L156: 322.75 | M156: 321.25 | N156: 323.125 | O156: 322.625 | P156: 322.125 | Q156: 323.375 | R156: 321.875 | S156: 321.5 | T156: 320.875 | U156: 319.5 | V156: 319.875 | W156: 323.75 | X156: =AVERAGE(D156:W156) -> 322.2
X157: =AVERAGE(X138:X156) -> 334.16875

Sheet WET sin flujo
A1: SIN FLUJO DE AIRE
A2: WET | U2: Media | V2: Varianza | W2: Desviación Tipica
A3: 0.32 | B3: 0.322 | C3: 0.321 | D3: 0.321 | E3: 0.321 | F3: 0.323 | G3: 0.325 | H3: 0.322 | I3: 0.323 | J3: 0.323 | K3: 0.323 | L3: 0.319 | M3: 0.322 | N3: 0.323 | O3: 0.32 | P3: 0.323 | Q3: 0.322 | R3: 0.322 | S3: 0.323 | T3: 0.323 | U3: =AVERAGE(A3:T3) -> 0.32205 | V3: =VARA(A3:T3) -> 1.9447368e-06 | W3: =STDEV(A3:T3) -> 0.0013945382 | X3: 0.41666667 | Y3: 0.097222222
A4: 0.317 | B4: 0.321 | C4: 0.322 | D4: 0.319 | E4: 0.322 | F4: 0.321 | G4: 0.32 | H4: 0.32 | I4: 0.32 | J4: 0.322 | K4: 0.32 | L4: 0.322 | M4: 0.319 | N4: 0.322 | O4: 0.322 | P4: 0.321 | Q4: 0.32 | R4: 0.323 | S4: 0.322 | T4: 0.319 | U4: =AVERAGE(A4:T4) -> 0.3207 | V4: =VARA(A4:T4) -> 2.2210526e-06 | W4: =STDEV(A4:T4) -> 0.0014903196 | Y4: 0.11111111 | Z4: =+Y4-Y3 -> 0.013888889
A5: 0.321 | B5: 0.319 | C5: 0.321 | D5: 0.32 | E5: 0.323 | F5: 0.321 | G5: 0.32 | H5: 0.32 | I5: 0.321 | J5: 0.321 | K5: 0.321 | L5: 0.322 | M5: 0.322 | N5: 0.322 | O5: 0.321 | P5: 0.324 | Q5: 0.32 | R5: 0.323 | S5: 0.322 | T5: 0.32 | U5: =AVERAGE(A5:T5) -> 0.3212 | V5: =VARA(A5:T5) -> 1.5368421e-06 | W5: =STDEV(A5:T5) -> 0.0012396944 | Y5: =+Y4+$Z$4 -> 0.125
A6: 0.324 | B6: 0.325 | C6: 0.325 | D6: 0.325 | E6: 0.325 | F6: 0.324 | G6: 0.324 | H6: 0.325 | I6: 0.324 | J6: 0.326 | K6: 0.326 | L6: 0.327 | M6: 0.326 | N6: 0.328 | O6: 0.326 | P6: 0.324 | Q6: 0.326 | R6: 0.325 | S6: 0.328 | T6: 0.326 | U6: =AVERAGE(A6:T6) -> 0.32545 | V6: =VARA(A6:T6) -> 1.5236842e-06 | W6: =STDEV(A6:T6) -> 0.001234376 | Y6: =+Y5+$Z$4 -> 0.13888889
A7: 0.33 | B7: 0.328 | C7: 0.332 | D7: 0.33 | E7: 0.33 | F7: 0.329 | G7: 0.333 | H7: 0.333 | I7: 0.329 | J7: 0.333 | K7: 0.331 | L7: 0.333 | M7: 0.332 | N7: 0.333 | O7: 0.331 | P7: 0.332 | Q7: 0.334 | R7: 0.332 | S7: 0.329 | T7: 0.329 | U7: =AVERAGE(A7:T7) -> 0.33115 | V7: =VARA(A7:T7) -> 3.1868421e-06 | W7: =STDEV(A7:T7) -> 0.0017851729 | Y7: =+Y6+$Z$4 -> 0.15277778
A8: 0.329 | B8: 0.331 | C8: 0.329 | D8: 0.332 | E8: 0.33 | F8: 0.329 | G8: 0.332 | H8: 0.33 | I8: 0.328 | J8: 0.33 | K8: 0.331 | L8: 0.331 | M8: 0.33 | N8: 0.33 | O8: 0.33 | P8: 0.325 | Q8: 0.326 | R8: 0.328 | S8: 0.332 | T8: 0.334 | U8: =AVERAGE(A8:T8) -> 0.32985 | V8: =VARA(A8:T8) -> 4.3447368e-06 | W8: =STDEV(A8:T8) -> 0.0020844032 | Y8: =+Y7+$Z$4 -> 0.16666667
A9: 0.329 | B9: 0.329 | C9: 0.325 | D9: 0.327 | E9: 0.329 | F9: 0.326 | G9: 0.327 | H9: 0.328 | I9: 0.326 | J9: 0.328 | K9: 0.323 | L9: 0.327 | M9: 0.327 | N9: 0.327 | O9: 0.327 | P9: 0.329 | Q9: 0.328 | R9: 0.327 | S9: 0.326 | T9: 0.329 | U9: =AVERAGE(A9:T9) -> 0.3272 | V9: =VARA(A9:T9) -> 2.3789474e-06 | W9: =STDEV(A9:T9) -> 0.0015423837 | Y9: =+Y8+$Z$4 -> 0.18055556
A10: 0.327 | B10: 0.324 | C10: 0.325 | D10: 0.326 | E10: 0.327 | F10: 0.326 | G10: 0.326 | H10: 0.327 | I10: 0.326 | J10: 0.326 | K10: 0.327 | L10: 0.328 | M10: 0.327 | N10: 0.325 | O10: 0.326 | P10: 0.324 | Q10: 0.325 | R10: 0.326 | S10: 0.326 | T10: 0.324 | U10: =AVERAGE(A10:T10) -> 0.3259 | V10: =VARA(A10:T10) -> 1.2526316e-06 | W10: =STDEV(A10:T10) -> 0.0011192102 | Y10: =+Y9+$Z$4 -> 0.19444444
A11: 0.321 | B11: 0.324 | C11: 0.327 | D11: 0.324 | E11: 0.326 | F11: 0.325 | G11: 0.325 | H11: 0.325 | I11: 0.325 | J11: 0.324 | K11: 0.323 | L11: 0.323 | M11: 0.321 | N11: 0.326 | O11: 0.324 | P11: 0.324 | Q11: 0.324 | R11: 0.322 | S11: 0.325 | T11: 0.324 | U11: =AVERAGE(A11:T11) -> 0.3241 | V11: =VARA(A11:T11) -> 2.4105263e-06 | W11: =STDEV(A11:T11) -> 0.001552587 | Y11: =+Y10+$Z$4 -> 0.20833333
A12: 0.326 | B12: 0.325 | C12: 0.323 | D12: 0.323 | E12: 0.322 | F12: 0.325 | G12: 0.326 | H12: 0.325 | I12: 0.322 | J12: 0.325 | K12: 0.323 | L12: 0.326 | M12: 0.323 | N12: 0.326 | O12: 0.324 | P12: 0.324 | Q12: 0.325 | R12: 0.324 | S12: 0.326 | T12: 0.327 | U12: =AVERAGE(A12:T12) -> 0.3245 | V12: =VARA(A12:T12) -> 2.1578947e-06 | W12: =STDEV(A12:T12) -> 0.0014689774 | Y12: =+Y11+$Z$4 -> 0.22222222
A13: 0.325 | B13: 0.325 | C13: 0.327 | D13: 0.328 | E13: 0.327 | F13: 0.328 | G13: 0.325 | H13: 0.328 | I13: 0.328 | J13: 0.325 | K13: 0.326 | L13: 0.327 | M13: 0.326 | N13: 0.328 | O13: 0.33 | P13: 0.325 | Q13: 0.325 | R13: 0.328 | S13: 0.325 | T13: 0.326 | U13: =AVERAGE(A13:T13) -> 0.3266 | V13: =VARA(A13:T13) -> 2.2526316e-06 | W13: =STDEV(A13:T13) -> 0.0015008769 | Y13: =+Y12+$Z$4 -> 0.23611111
A14: 0.328 | B14: 0.329 | C14: 0.332 | D14: 0.328 | E14: 0.332 | F14: 0.329 | G14: 0.33 | H14: 0.332 | I14: 0.33 | J14: 0.333 | K14: 0.331 | L14: 0.329 | M14: 0.33 | N14: 0.333 | O14: 0.332 | P14: 0.332 | Q14: 0.329 | R14: 0.328 | S14: 0.327 | T14: 0.328 | U14: =AVERAGE(A14:T14) -> 0.3301 | V14: =VARA(A14:T14) -> 3.5684211e-06 | W14: =STDEV(A14:T14) -> 0.0018890265 | Y14: =+Y13+$Z$4 -> 0.25
A15: 0.335 | B15: 0.333 | C15: 0.333 | D15: 0.332 | E15: 0.332 | F15: 0.333 | G15: 0.332 | H15: 0.332 | I15: 0.331 | J15: 0.331 | K15: 0.333 | L15: 0.335 | M15: 0.335 | N15: 0.335 | O15: 0.332 | P15: 0.333 | Q15: 0.333 | R15: 0.332 | S15: 0.333 | T15: 0.332 | U15: =AVERAGE(A15:T15) -> 0.33285 | V15: =VARA(A15:T15) -> 1.6078947e-06 | W15: =STDEV(A15:T15) -> 0.0012680279 | Y15: =+Y14+$Z$4 -> 0.26388889
A16: 0.331 | B16: 0.33 | C16: 0.331 | D16: 0.33 | E16: 0.331 | F16: 0.332 | G16: 0.331 | H16: 0.333 | I16: 0.332 | J16: 0.333 | K16: 0.334 | L16: 0.332 | M16: 0.331 | N16: 0.33 | O16: 0.329 | P16: 0.331 | Q16: 0.332 | R16: 0.329 | S16: 0.329 | T16: 0.332 | U16: =AVERAGE(A16:T16) -> 0.33115 | V16: =VARA(A16:T16) -> 1.9236842e-06 | W16: =STDEV(A16:T16) -> 0.0013869694 | Y16: =+Y15+$Z$4 -> 0.27777778
... A21: 0.32 | B21: 0.319 | C21: 0.322 | D21: 0.322 | E21: 0.32 | F21: 0.321 | G21: 0.321 | H21: 0.319 | I21: 0.32 | J21: 0.322 | K21: 0.323 | L21: 0.324 | M21: 0.321 | N21: 0.322 | O21: 0.323 | P21: 0.322 | Q21: 0.324 | R21: 0.321 | S21: 0.321 | T21: 0.32 | U21: =AVERAGE(A21:T21) -> 0.32135 | V21: =VARA(A21:T21) -> 2.1342105e-06 | W21: =STDEV(A21:T21) -> 0.0014608937 | Y21: =+Y20+$Z$4 -> 0.34722222
A22: 0.322 | B22: 0.323 | C22: 0.322 | D22: 0.322 | E22: 0.323 | F22: 0.322 | G22: 0.323 | H22: 0.32 | I22: 0.323 | J22: 0.324 | K22: 0.32 | L22: 0.32 | M22: 0.322 | N22: 0.323 | O22: 0.324 | P22: 0.323 | Q22: 0.322 | R22: 0.319 | S22: 0.321 | T22: 0.323 | U22: =AVERAGE(A22:T22) -> 0.32205 | V22: =VARA(A22:T22) -> 1.9447368e-06 | W22: =STDEV(A22:T22) -> 0.0013945382 | X22: =+X3+Y22+Y3 -> 0.875 | Y22: =+Y21+$Z$4 -> 0.36111111
U23: =AVERAGE(U3:U22) -> 0.325975 | V23: =AVERAGE(V3:V22) -> 2.2115789e-06 | W23: =AVERAGE(W3:W22) -> 0.0014666537
A25: AET | U25: Media | V25: Varianza | W25: Desviación Tipica
A26: 0.308 | B26: 0.31 | C26: 0.308 | D26: 0.308 | E26: 0.31 | F26: 0.309 | G26: 0.31 | H26: 0.309 | I26: 0.311 | J26: 0.311 | K26: 0.309 | L26: 0.309 | M26: 0.308 | N26: 0.308 | O26: 0.31 | P26: 0.31 | Q26: 0.308 | R26: 0.31 | S26: 0.309 | T26: 0.309 | U26: =AVERAGE(A26:T26) -> 0.3092 | V26: =VARA(A26:T26) -> 1.0105263e-06 | W26: =STDEV(A26:T26) -> 0.0010052494
A27: 0.308 | B27: 0.309 | C27: 0.309 | D27: 0.309 | E27: 0.308 | F27: 0.309 | G27: 0.309 | H27: 0.306 | I27: 0.308 | J27: 0.309 | K27: 0.309 | L27: 0.31 | M27: 0.308 | N27: 0.31 | O27: 0.31 | P27: 0.31 | Q27: 0.308 | R27: 0.309 | S27: 0.309 | T27: 0.308 | U27: =AVERAGE(A27:T27) -> 0.30875 | V27: =VARA(A27:T27) -> 9.3421053e-07 | W27: =STDEV(A27:T27) -> 0.00096654567
A28: 0.307 | B28: 0.309 | C28: 0.31 | D28: 0.31 | E28: 0.309 | F28: 0.307 | G28: 0.308 | H28: 0.31 | I28: 0.31 | J28: 0.31 | K28: 0.308 | L28: 0.31 | M28: 0.31 | N28: 0.31 | O28: 0.31 | P28: 0.31 | Q28: 0.31 | R28: 0.311 | S28: 0.312 | T28: 0.308 | U28: =AVERAGE(A28:T28) -> 0.30945 | V28: =VARA(A28:T28) -> 1.6289474e-06 | W28: =STDEV(A28:T28) -> 0.0012763022
A29: 0.312 | B29: 0.312 | C29: 0.312 | D29: 0.314 | E29: 0.313 | F29: 0.314 | G29: 0.313 | H29: 0.312 | I29: 0.312 | J29: 0.314 | K29: 0.312 | L29: 0.312 | M29: 0.313 | N29: 0.314 | O29: 0.312 | P29: 0.313 | Q29: 0.314 | R29: 0.312 | S29: 0.313 | T29: 0.313 | U29: =AVERAGE(A29:T29) -> 0.3128 | V29: =VARA(A29:T29) -> 6.9473684e-07 | W29: =STDEV(A29:T29) -> 0.00083350875
A30: 0.315 | B30: 0.315 | C30: 0.317 | D30: 0.317 | E30: 0.317 | F30: 0.317 | G30: 0.319 | H30: 0.317 | I30: 0.318 | J30: 0.319 | K30: 0.317 | L30: 0.318 | M30: 0.317 | N30: 0.317 | O30: 0.319 | P30: 0.317 | Q30: 0.319 | R30: 0.319 | S30: 0.317 | T30: 0.316 | U30: =AVERAGE(A30:T30) -> 0.31735 | V30: =VARA(A30:T30) -> 1.5026316e-06 | W30: =STDEV(A30:T30) -> 0.0012258187
A31: 0.317 | B31: 0.315 | C31: 0.316 | D31: 0.316 | E31: 0.316 | F31: 0.317 | G31: 0.317 | H31: 0.318 | I31: 0.317 | J31: 0.315 | K31: 0.316 | L31: 0.315 | M31: 0.316 | N31: 0.316 | O31: 0.317 | P31: 0.311 | Q31: 0.314 | R31: 0.314 | S31: 0.318 | T31: 0.321 | U31: =AVERAGE(A31:T31) -> 0.3161 | V31: =VARA(A31:T31) -> 3.8842105e-06 | W31: =STDEV(A31:T31) -> 0.0019708401
A32: 0.316 | B32: 0.314 | C32: 0.312 | D32: 0.314 | E32: 0.314 | F32: 0.314 | G32: 0.314 | H32: 0.315 | I32: 0.314 | J32: 0.312 | K32: 0.312 | L32: 0.313 | M32: 0.314 | N32: 0.316 | O32: 0.313 | P32: 0.318 | Q32: 0.313 | R32: 0.313 | S32: 0.315 | T32: 0.314 | U32: =AVERAGE(A32:T32) -> 0.314 | V32: =VARA(A32:T32) -> 2.2105263e-06 | W32: =STDEV(A32:T32) -> 0.0014867839
A33: 0.313 | B33: 0.312 | C33: 0.312 | D33: 0.312 | E33: 0.314 | F33: 0.312 | G33: 0.313 | H33: 0.313 | I33: 0.313 | J33: 0.315 | K33: 0.313 | L33: 0.314 | M33: 0.312 | N33: 0.312 | O33: 0.314 | P33: 0.313 | Q33: 0.314 | R33: 0.315 | S33: 0.313 | T33: 0.314 | U33: =AVERAGE(A33:T33) -> 0.31315 | V33: =VARA(A33:T33) -> 9.7631579e-07 | W33: =STDEV(A33:T33) -> 0.00098808693
A34: 0.31 | B34: 0.312 | C34: 0.313 | D34: 0.314 | E34: 0.312 | F34: 0.314 | G34: 0.311 | H34: 0.313 | I34: 0.314 | J34: 0.312 | K34: 0.31 | L34: 0.313 | M34: 0.31 | N34: 0.312 | O34: 0.313 | P34: 0.313 | Q34: 0.312 | R34: 0.311 | S34: 0.314 | T34: 0.31 | U34: =AVERAGE(A34:T34) -> 0.31215 | V34: =VARA(A34:T34) -> 2.0289474e-06 | W34: =STDEV(A34:T34) -> 0.0014244112
A35: 0.314 | B35: 0.312 | C35: 0.314 | D35: 0.313 | E35: 0.312 | F35: 0.311 | G35: 0.312 | H35: 0.311 | I35: 0.31 | J35: 0.312 | K35: 0.313 | L35: 0.312 | M35: 0.314 | N35: 0.312 | O35: 0.314 | P35: 0.314 | Q35: 0.314 | R35: 0.314 | S35: 0.312 | T35: 0.312 | U35: =AVERAGE(A35:T35) -> 0.3126 | V35: =VARA(A35:T35) -> 1.5157895e-06 | W35: =STDEV(A35:T35) -> 0.001231174
A36: 0.315 | B36: 0.314 | C36: 0.315 | D36: 0.313 | E36: 0.317 | F36: 0.314 | G36: 0.314 | H36: 0.314 | I36: 0.316 | J36: 0.313 | K36: 0.313 | L36: 0.315 | M36: 0.314 | N36: 0.314 | O36: 0.315 | P36: 0.313 | Q36: 0.312 | R36: 0.313 | S36: 0.315 | T36: 0.315 | U36: =AVERAGE(A36:T36) -> 0.3142 | V36: =VARA(A36:T36) -> 1.4315789e-06 | W36: =STDEV(A36:T36) -> 0.0011964861
A37: 0.316 | B37: 0.316 | C37: 0.319 | D37: 0.316 | E37: 0.318 | F37: 0.316 | G37: 0.317 | H37: 0.319 | I37: 0.317 | J37: 0.318 | K37: 0.315 | L37: 0.315 | M37: 0.317 | N37: 0.317 | O37: 0.317 | P37: 0.317 | Q37: 0.317 | R37: 0.316 | S37: 0.315 | T37: 0.314 | U37: =AVERAGE(A37:T37) -> 0.3166 | V37: =VARA(A37:T37) -> 1.7263158e-06 | W37: =STDEV(A37:T37) -> 0.0013138934
... A45: 0.31 | B45: 0.31 | C45: 0.308 | D45: 0.308 | E45: 0.309 | F45: 0.31 | G45: 0.311 | H45: 0.308 | I45: 0.309 | J45: 0.309 | K45: 0.308 | L45: 0.308 | M45: 0.31 | N45: 0.314 | O45: 0.31 | P45: 0.31 | Q45: 0.312 | R45: 0.309 | S45: 0.309 | T45: 0.311 | U45: =AVERAGE(A45:T45) -> 0.30965 | V45: =VARA(A45:T45) -> 2.3447368e-06 | W45: =STDEV(A45:T45) -> 0.0015312534
U46: =AVERAGE(U26:U45) -> 0.3128725 | V46: =AVERAGE(V26:V45) -> 1.5951316e-06 | W46: =AVERAGE(W26:W45) -> 0.0012366533

Sheet WET con flujo
A1: CON FLUJO DE AIRE
A2: WET | U2: Media | V2: Varianza | W2: Desviación Tipica
U3: =AVERAGE(A3:T3) -> #DIV/0! | V3: =VARA(A3:T3) -> #DIV/0! | W3: =STDEV(A3:T3) -> #DIV/0!
U4: =AVERAGE(A4:T4) -> #DIV/0! | V4: =VARA(A4:T4) -> #DIV/0! | W4: =STDEV(A4:T4) -> #DIV/0!
U5: =AVERAGE(A5:T5) -> #DIV/0! | V5: =VARA(A5:T5) -> #DIV/0! | W5: =STDEV(A5:T5) -> #DIV/0!
U6: =AVERAGE(A6:T6) -> #DIV/0! | V6: =VARA(A6:T6) -> #DIV/0! | W6: =STDEV(A6:T6) -> #DIV/0!
U7: =AVERAGE(A7:T7) -> #DIV/0! | V7: =VARA(A7:T7) -> #DIV/0! | W7: =STDEV(A7:T7) -> #DIV/0!
U8: =AVERAGE(A8:T8) -> #DIV/0! | V8: =VARA(A8:T8) -> #DIV/0! | W8: =STDEV(A8:T8) -> #DIV/0!
U9: =AVERAGE(A9:T9) -> #DIV/0! | V9: =VARA(A9:T9) -> #DIV/0! | W9: =STDEV(A9:T9) -> #DIV/0!
U10: =AVERAGE(A10:T10) -> #DIV/0! | V10: =VARA(A10:T10) -> #DIV/0! | W10: =STDEV(A10:T10) -> #DIV/0!
U11: =AVERAGE(A11:T11) -> #DIV/0! | V11: =VARA(A11:T11) -> #DIV/0! | W11: =STDEV(A11:T11) -> #DIV/0!
U12: =AVERAGE(A12:T12) -> #DIV/0! | V12: =VARA(A12:T12) -> #DIV/0! | W12: =STDEV(A12:T12) -> #DIV/0!
U13: =AVERAGE(A13:T13) -> #DIV/0! | V13: =VARA(A13:T13) -> #DIV/0! | W13: =STDEV(A13:T13) -> #DIV/0!
U14: =AVERAGE(A14:T14) -> #DIV/0! | V14: =VARA(A14:T14) -> #DIV/0! | W14: =STDEV(A14:T14) -> #DIV/0!
... U22: =AVERAGE(A22:T22) -> #DIV/0! | V22: =VARA(A22:T22) -> #DIV/0! | W22: =STDEV(A22:T22) -> #DIV/0!
U23: =AVERAGE(U3:U22) -> #DIV/0! | V23: =AVERAGE(V3:V22) -> #DIV/0! | W23: =AVERAGE(W3:W22) -> #DIV/0!
A25: AET | U25: Media | V25: Varianza | W25: Desviación Tipica
U26: =AVERAGE(A26:T26) -> #DIV/0! | V26: =VARA(A26:T26) -> #DIV/0! | W26: =STDEV(A26:T26) -> #DIV/0!
U27: =AVERAGE(A27:T27) -> #DIV/0! | V27: =VARA(A27:T27) -> #DIV/0! | W27: =STDEV(A27:T27) -> #DIV/0!
U28: =AVERAGE(A28:T28) -> #DIV/0! | V28: =VARA(A28:T28) -> #DIV/0! | W28: =STDEV(A28:T28) -> #DIV/0!
U29: =AVERAGE(A29:T29) -> #DIV/0! | V29: =VARA(A29:T29) -> #DIV/0! | W29: =STDEV(A29:T29) -> #DIV/0!
U30: =AVERAGE(A30:T30) -> #DIV/0! | V30: =VARA(A30:T30) -> #DIV/0! | W30: =STDEV(A30:T30) -> #DIV/0!
U31: =AVERAGE(A31:T31) -> #DIV/0! | V31: =VARA(A31:T31) -> #DIV/0! | W31: =STDEV(A31:T31) -> #DIV/0!
U32: =AVERAGE(A32:T32) -> #DIV/0! | V32: =VARA(A32:T32) -> #DIV/0! | W32: =STDEV(A32:T32) -> #DIV/0!
U33: =AVERAGE(A33:T33) -> #DIV/0! | V33: =VARA(A33:T33) -> #DIV/0! | W33: =STDEV(A33:T33) -> #DIV/0!
U34: =AVERAGE(A34:T34) -> #DIV/0! | V34: =VARA(A34:T34) -> #DIV/0! | W34: =STDEV(A34:T34) -> #DIV/0!
U35: =AVERAGE(A35:T35) -> #DIV/0! | V35: =VARA(A35:T35) -> #DIV/0! | W35: =STDEV(A35:T35) -> #DIV/0!
U36: =AVERAGE(A36:T36) -> #DIV/0! | V36: =VARA(A36:T36) -> #DIV/0! | W36: =STDEV(A36:T36) -> #DIV/0!
U37: =AVERAGE(A37:T37) -> #DIV/0! | V37: =VARA(A37:T37) -> #DIV/0! | W37: =STDEV(A37:T37) -> #DIV/0!
... U45: =AVERAGE(A45:T45) -> #DIV/0! | V45: =VARA(A45:T45) -> #DIV/0! | W45: =STDEV(A45:T45) -> #DIV/0!
U46: =AVERAGE(U26:U45) -> #DIV/0! | V46: =AVERAGE(V26:V45) -> #DIV/0! | W46: =AVERAGE(W26:W45) -> #DIV/0!

Sheet WEe sin flujo
A1: SIN FLUJO DE AIRE
A2: WEe | U2: Media | V2: Varianza | W2: Desviación Tipica
A3: 0.265 | B3: 0.265 | C3: 0.265 | D3: 0.265 | E3: 0.265 | F3: 0.265 | G3: 0.265 | H3: 0.265 | I3: 0.265 | J3: 0.265 | K3: 0.266 | L3: 0.265 | M3: 0.265 | N3: 0.265 | O3: 0.265 | P3: 0.265 | Q3: 0.265 | R3: 0.265 | S3: 0.265 | T3: 0.265 | U3: =AVERAGE(A3:T3) -> 0.26505 | V3: =VARA(A3:T3) -> 5e-08 | W3: =STDEV(A3:T3) -> 0.0002236068 | X3: 0.41666667 | Y3: 0.013888889
A4: 0.266 | B4: 0.265 | C4: 0.265 | D4: 0.264 | E4: 0.265 | F4: 0.265 | G4: 0.264 | H4: 0.265 | I4: 0.265 | J4: 0.264 | K4: 0.265 | L4: 0.265 | M4: 0.265 | N4: 0.266 | O4: 0.265 | P4: 0.264 | Q4: 0.265 | R4: 0.266 | S4: 0.265 | T4: 0.266 | U4: =AVERAGE(A4:T4) -> 0.265 | V4: =VARA(A4:T4) -> 4.2105263e-07 | W4: =STDEV(A4:T4) -> 0.00064888568 | Y4: =+Y3+$Z$4 -> 0.027777778 | Z4: 0.013888889
A5: 0.265 | B5: 0.265 | C5: 0.265 | D5: 0.265 | E5: 0.265 | F5: 0.265 | G5: 0.265 | H5: 0.265 | I5: 0.264 | J5: 0.265 | K5: 0.266 | L5: 0.264 | M5: 0.266 | N5: 0.265 | O5: 0.266 | P5: 0.266 | Q5: 0.265 | R5: 0.264 | S5: 0.265 | T5: 0.266 | U5: =AVERAGE(A5:T5) -> 0.2651 | V5: =VARA(A5:T5) -> 4.1052632e-07 | W5: =STDEV(A5:T5) -> 0.00064072328 | Y5: =+Y4+$Z$4 -> 0.041666667
A6: 0.265 | B6: 0.265 | C6: 0.265 | D6: 0.265 | E6: 0.265 | F6: 0.265 | G6: 0.265 | H6: 0.265 | I6: 0.265 | J6: 0.266 | K6: 0.265 | L6: 0.265 | M6: 0.265 | N6: 0.265 | O6: 0.265 | P6: 0.265 | Q6: 0.265 | R6: 0.265 | S6: 0.265 | T6: 0.265 | U6: =AVERAGE(A6:T6) -> 0.26505 | V6: =VARA(A6:T6) -> 5e-08 | W6: =STDEV(A6:T6) -> 0.0002236068 | Y6: =+Y5+$Z$4 -> 0.055555556
A7: 0.264 | B7: 0.265 | C7: 0.265 | D7: 0.266 | E7: 0.266 | F7: 0.265 | G7: 0.265 | H7: 0.265 | I7: 0.265 | J7: 0.265 | K7: 0.265 | L7: 0.265 | M7: 0.265 | N7: 0.265 | O7: 0.265 | P7: 0.265 | Q7: 0.265 | R7: 0.266 | S7: 0.265 | T7: 0.265 | U7: =AVERAGE(A7:T7) -> 0.2651 | V7: =VARA(A7:T7) -> 2e-07 | W7: =STDEV(A7:T7) -> 0.0004472136 | Y7: =+Y6+$Z$4 -> 0.069444444
A8: 0.266 | B8: 0.265 | C8: 0.266 | D8: 0.265 | E8: 0.264 | F8: 0.265 | G8: 0.266 | H8: 0.265 | I8: 0.265 | J8: 0.266 | K8: 0.265 | L8: 0.265 | M8: 0.264 | N8: 0.265 | O8: 0.265 | P8: 0.265 | Q8: 0.265 | R8: 0.265 | S8: 0.265 | T8: 0.265 | U8: =AVERAGE(A8:T8) -> 0.2651 | V8: =VARA(A8:T8) -> 3.0526316e-07 | W8: =STDEV(A8:T8) -> 0.00055250625 | Y8: =+Y7+$Z$4 -> 0.083333333
A9: 0.265 | B9: 0.266 | C9: 0.266 | D9: 0.266 | E9: 0.265 | F9: 0.265 | G9: 0.265 | H9: 0.265 | I9: 0.265 | J9: 0.265 | K9: 0.266 | L9: 0.265 | M9: 0.265 | N9: 0.266 | O9: 0.266 | P9: 0.265 | Q9: 0.265 | R9: 0.265 | S9: 0.265 | T9: 0.265 | U9: =AVERAGE(A9:T9) -> 0.2653 | V9: =VARA(A9:T9) -> 2.2105263e-07 | W9: =STDEV(A9:T9) -> 0.00047016235 | Y9: =+Y8+$Z$4 -> 0.097222222
A10: 0.266 | B10: 0.265 | C10: 0.265 | D10: 0.265 | E10: 0.265 | F10: 0.265 | G10: 0.265 | H10: 0.265 | I10: 0.265 | J10: 0.265 | K10: 0.265 | L10: 0.265 | M10: 0.265 | N10: 0.265 | O10: 0.265 | P10: 0.265 | Q10: 0.265 | R10: 0.266 | S10: 0.265 | T10: 0.265 | U10: =AVERAGE(A10:T10) -> 0.2651 | V10: =VARA(A10:T10) -> 9.4736842e-08 | W10: =STDEV(A10:T10) -> 0.00030779351 | Y10: =+Y9+$Z$4 -> 0.11111111
A11: 0.266 | B11: 0.265 | C11: 0.265 | D11: 0.266 | E11: 0.265 | F11: 0.265 | G11: 0.265 | H11: 0.265 | I11: 0.266 | J11: 0.265 | K11: 0.265 | L11: 0.265 | M11: 0.265 | N11: 0.265 | O11: 0.265 | P11: 0.265 | Q11: 0.265 | R11: 0.266 | S11: 0.265 | T11: 0.265 | U11: =AVERAGE(A11:T11) -> 0.2652 | V11: =VARA(A11:T11) -> 1.6842105e-07 | W11: =STDEV(A11:T11) -> 0.00041039134 | Y11: =+Y10+$Z$4 -> 0.125
A12: 0.265 | B12: 0.266 | C12: 0.265 | D12: 0.265 | E12: 0.265 | F12: 0.265 | G12: 0.265 | H12: 0.266 | I12: 0.266 | J12: 0.265 | K12: 0.265 | L12: 0.265 | M12: 0.266 | N12: 0.266 | O12: 0.266 | P12: 0.265 | Q12: 0.265 | R12: 0.265 | S12: 0.265 | T12: 0.266 | U12: =AVERAGE(A12:T12) -> 0.26535 | V12: =VARA(A12:T12) -> 2.3947368e-07 | W12: =STDEV(A12:T12) -> 0.00048936048 | Y12: =+Y11+$Z$4 -> 0.13888889
A13: 0.265 | B13: 0.265 | C13: 0.265 | D13: 0.265 | E13: 0.264 | F13: 0.265 | G13: 0.265 | H13: 0.265 | I13: 0.265 | J13: 0.265 | K13: 0.265 | L13: 0.265 | M13: 0.265 | N13: 0.265 | O13: 0.265 | P13: 0.266 | Q13: 0.265 | R13: 0.265 | S13: 0.265 | T13: 0.265 | U13: =AVERAGE(A13:T13) -> 0.265 | V13: =VARA(A13:T13) -> 1.0526316e-07 | W13: =STDEV(A13:T13) -> 0.00032444284 | Y13: =+Y12+$Z$4 -> 0.15277778
A14: 0.266 | B14: 0.265 | C14: 0.265 | D14: 0.265 | E14: 0.265 | F14: 0.265 | G14: 0.265 | H14: 0.265 | I14: 0.265 | J14: 0.265 | K14: 0.266 | L14: 0.266 | M14: 0.266 | N14: 0.265 | O14: 0.264 | P14: 0.265 | Q14: 0.265 | R14: 0.265 | S14: 0.265 | T14: 0.266 | U14: =AVERAGE(A14:T14) -> 0.2652 | V14: =VARA(A14:T14) -> 2.7368421e-07 | W14: =STDEV(A14:T14) -> 0.00052314836 | Y14: =+Y13+$Z$4 -> 0.16666667
A15: 0.265 | B15: 0.265 | C15: 0.265 | D15: 0.265 | E15: 0.265 | F15: 0.265 | G15: 0.265 | H15: 0.265 | I15: 0.265 | J15: 0.265 | K15: 0.265 | L15: 0.265 | M15: 0.265 | N15: 0.265 | O15: 0.265 | P15: 0.265 | Q15: 0.265 | R15: 0.265 | S15: 0.265 | T15: 0.266 | U15: =AVERAGE(A15:T15) -> 0.26505 | V15: =VARA(A15:T15) -> 5e-08 | W15: =STDEV(A15:T15) -> 0.0002236068 | Y15: =+Y14+$Z$4 -> 0.18055556
A16: 0.265 | B16: 0.265 | C16: 0.265 | D16: 0.265 | E16: 0.265 | F16: 0.265 | G16: 0.265 | H16: 0.265 | I16: 0.265 | J16: 0.265 | K16: 0.265 | L16: 0.265 | M16: 0.265 | N16: 0.265 | O16: 0.265 | P16: 0.265 | Q16: 0.265 | R16: 0.265 | S16: 0.265 | T16: 0.265 | U16: =AVERAGE(A16:T16) -> 0.265 | V16: =VARA(A16:T16) -> 0 | W16: =STDEV(A16:T16) -> 0 | Y16: =+Y15+$Z$4 -> 0.19444444
... A21: 0.265 | B21: 0.265 | C21: 0.265 | D21: 0.265 | E21: 0.266 | F21: 0.265 | G21: 0.265 | H21: 0.265 | I21: 0.266 | J21: 0.265 | K21: 0.265 | L21: 0.266 | M21: 0.266 | N21: 0.265 | O21: 0.265 | P21: 0.265 | Q21: 0.265 | R21: 0.265 | S21: 0.265 | T21: 0.265 | U21: =AVERAGE(A21:T21) -> 0.2652 | V21: =VARA(A21:T21) -> 1.6842105e-07 | W21: =STDEV(A21:T21) -> 0.00041039134 | Y21: =+Y20+$Z$4 -> 0.26388889
A22: 0.266 | B22: 0.265 | C22: 0.265 | D22: 0.265 | E22: 0.266 | F22: 0.265 | G22: 0.266 | H22: 0.265 | I22: 0.265 | J22: 0.265 | K22: 0.265 | L22: 0.265 | M22: 0.266 | N22: 0.265 | O22: 0.265 | P22: 0.265 | Q22: 0.265 | R22: 0.265 | S22: 0.265 | T22: 0.265 | U22: =AVERAGE(A22:T22) -> 0.2652 | V22: =VARA(A22:T22) -> 1.6842105e-07 | W22: =STDEV(A22:T22) -> 0.00041039134 | X22: =+X3+Y22+Y3 -> 0.70833333 | Y22: =+Y21+$Z$4 -> 0.27777778
U23: =AVERAGE(U3:U22) -> 0.2651425 | V23: =AVERAGE(V3:V22) -> 1.8644737e-07 | W23: =AVERAGE(W3:W22) -> 0.0004047253
A25: AEe | U25: Media | V25: Varianza | W25: Desviación Tipica
A26: 0.273 | B26: 0.273 | C26: 0.274 | D26: 0.273 | E26: 0.273 | F26: 0.273 | G26: 0.273 | H26: 0.274 | I26: 0.273 | J26: 0.273 | K26: 0.272 | L26: 0.273 | M26: 0.273 | N26: 0.273 | O26: 0.273 | P26: 0.273 | Q26: 0.273 | R26: 0.274 | S26: 0.274 | T26: 0.274 | U26: =AVERAGE(A26:T26) -> 0.2732 | V26: =VARA(A26:T26) -> 2.7368421e-07 | W26: =STDEV(A26:T26) -> 0.00052314836
A27: 0.273 | B27: 0.273 | C27: 0.273 | D27: 0.273 | E27: 0.273 | F27: 0.273 | G27: 0.273 | H27: 0.274 | I27: 0.273 | J27: 0.273 | K27: 0.273 | L27: 0.274 | M27: 0.273 | N27: 0.273 | O27: 0.273 | P27: 0.273 | Q27: 0.274 | R27: 0.274 | S27: 0.273 | T27: 0.273 | U27: =AVERAGE(A27:T27) -> 0.2732 | V27: =VARA(A27:T27) -> 1.6842105e-07 | W27: =STDEV(A27:T27) -> 0.00041039134
A28: 0.273 | B28: 0.274 | C28: 0.273 | D28: 0.273 | E28: 0.273 | F28: 0.273 | G28: 0.273 | H28: 0.273 | I28: 0.274 | J28: 0.273 | K28: 0.274 | L28: 0.273 | M28: 0.273 | N28: 0.273 | O28: 0.274 | P28: 0.272 | Q28: 0.273 | R28: 0.274 | S28: 0.273 | T28: 0.273 | U28: =AVERAGE(A28:T28) -> 0.2732 | V28: =VARA(A28:T28) -> 2.7368421e-07 | W28: =STDEV(A28:T28) -> 0.00052314836
A29: 0.274 | B29: 0.273 | C29: 0.273 | D29: 0.273 | E29: 0.274 | F29: 0.274 | G29: 0.273 | H29: 0.273 | I29: 0.274 | J29: 0.273 | K29: 0.273 | L29: 0.273 | M29: 0.273 | N29: 0.273 | O29: 0.273 | P29: 0.274 | Q29: 0.273 | R29: 0.273 | S29: 0.273 | T29: 0.273 | U29: =AVERAGE(A29:T29) -> 0.27325 | V29: =VARA(A29:T29) -> 1.9736842e-07 | W29: =STDEV(A29:T29) -> 0.00044426166
A30: 0.274 | B30: 0.274 | C30: 0.274 | D30: 0.273 | E30: 0.274 | F30: 0.273 | G30: 0.274 | H30: 0.273 | I30: 0.273 | J30: 0.273 | K30: 0.273 | L30: 0.273 | M30: 0.273 | N30: 0.274 | O30: 0.274 | P30: 0.273 | Q30: 0.273 | R30: 0.273 | S30: 0.273 | T30: 0.273 | U30: =AVERAGE(A30:T30) -> 0.27335 | V30: =VARA(A30:T30) -> 2.3947368e-07 | W30: =STDEV(A30:T30) -> 0.00048936048
A31: 0.273 | B31: 0.273 | C31: 0.274 | D31: 0.274 | E31: 0.273 | F31: 0.274 | G31: 0.273 | H31: 0.274 | I31: 0.273 | J31: 0.274 | K31: 0.273 | L31: 0.274 | M31: 0.274 | N31: 0.274 | O31: 0.273 | P31: 0.274 | Q31: 0.273 | R31: 0.273 | S31: 0.274 | T31: 0.273 | U31: =AVERAGE(A31:T31) -> 0.2735 | V31: =VARA(A31:T31) -> 2.6315789e-07 | W31: =STDEV(A31:T31) -> 0.00051298918
A32: 0.274 | B32: 0.273 | C32: 0.274 | D32: 0.273 | E32: 0.273 | F32: 0.273 | G32: 0.273 | H32: 0.273 | I32: 0.275 | J32: 0.273 | K32: 0.273 | L32: 0.273 | M32: 0.274 | N32: 0.273 | O32: 0.273 | P32: 0.273 | Q32: 0.274 | R32: 0.274 | S32: 0.274 | T32: 0.274 | U32: =AVERAGE(A32:T32) -> 0.27345 | V32: =VARA(A32:T32) -> 3.6578947e-07 | W32: =STDEV(A32:T32) -> 0.00060480532
A33: 0.273 | B33: 0.273 | C33: 0.273 | D33: 0.273 | E33: 0.273 | F33: 0.273 | G33: 0.273 | H33: 0.273 | I33: 0.274 | J33: 0.273 | K33: 0.273 | L33: 0.273 | M33: 0.274 | N33: 0.273 | O33: 0.273 | P33: 0.273 | Q33: 0.273 | R33: 0.273 | S33: 0.274 | T33: 0.274 | U33: =AVERAGE(A33:T33) -> 0.2732 | V33: =VARA(A33:T33) -> 1.6842105e-07 | W33: =STDEV(A33:T33) -> 0.00041039134
A34: 0.274 | B34: 0.274 | C34: 0.274 | D34: 0.273 | E34: 0.273 | F34: 0.274 | G34: 0.274 | H34: 0.273 | I34: 0.273 | J34: 0.273 | K34: 0.272 | L34: 0.274 | M34: 0.274 | N34: 0.274 | O34: 0.274 | P34: 0.274 | Q34: 0.274 | R34: 0.274 | S34: 0.273 | T34: 0.274 | U34: =AVERAGE(A34:T34) -> 0.2736 | V34: =VARA(A34:T34) -> 3.5789474e-07 | W34: =STDEV(A34:T34) -> 0.00059824304
A35: 0.273 | B35: 0.274 | C35: 0.273 | D35: 0.273 | E35: 0.273 | F35: 0.274 | G35: 0.274 | H35: 0.273 | I35: 0.274 | J35: 0.274 | K35: 0.274 | L35: 0.274 | M35: 0.273 | N35: 0.274 | O35: 0.273 | P35: 0.273 | Q35: 0.273 | R35: 0.273 | S35: 0.274 | T35: 0.273 | U35: =AVERAGE(A35:T35) -> 0.27345 | V35: =VARA(A35:T35) -> 2.6052632e-07 | W35: =STDEV(A35:T35) -> 0.00051041779
A36: 0.273 | B36: 0.273 | C36: 0.273 | D36: 0.273 | E36: 0.273 | F36: 0.274 | G36: 0.273 | H36: 0.273 | I36: 0.273 | J36: 0.274 | K36: 0.274 | L36: 0.274 | M36: 0.273 | N36: 0.274 | O36: 0.274 | P36: 0.273 | Q36: 0.274 | R36: 0.274 | S36: 0.274 | T36: 0.273 | U36: =AVERAGE(A36:T36) -> 0.27345 | V36: =VARA(A36:T36) -> 2.6052632e-07 | W36: =STDEV(A36:T36) -> 0.00051041779
A37: 0.274 | B37: 0.274 | C37: 0.275 | D37: 0.274 | E37: 0.273 | F37: 0.274 | G37: 0.274 | H37: 0.273 | I37: 0.273 | J37: 0.274 | K37: 0.273 | L37: 0.274 | M37: 0.274 | N37: 0.273 | O37: 0.273 | P37: 0.273 | Q37: 0.273 | R37: 0.273 | S37: 0.273 | T37: 0.274 | U37: =AVERAGE(A37:T37) -> 0.27355 | V37: =VARA(A37:T37) -> 3.6578947e-07 | W37: =STDEV(A37:T37) -> 0.00060480532
... A45: 0.274 | B45: 0.274 | C45: 0.274 | D45: 0.274 | E45: 0.274 | F45: 0.274 | G45: 0.274 | H45: 0.274 | I45: 0.273 | J45: 0.274 | K45: 0.274 | L45: 0.274 | M45: 0.274 | N45: 0.274 | O45: 0.274 | P45: 0.273 | Q45: 0.274 | R45: 0.274 | S45: 0.274 | T45: 0.274 | U45: =AVERAGE(A45:T45) -> 0.2739 | V45: =VARA(A45:T45) -> 9.4736842e-08 | W45: =STDEV(A45:T45) -> 0.00030779351
U46: =AVERAGE(U26:U45) -> 0.273475 | V46: =AVERAGE(V26:V45) -> 2.4710526e-07 | W46: =AVERAGE(W26:W45) -> 0.00049241464
